"n","nnodes","pnodes","rate","delta"
800,28890,0.141618,0.258582,23192.0
1600,52082,0.127652,0.234237,22357.5
2400,73605,0.12027,0.221368,21292.5
3200,94667,0.116013,0.213949,21066.0
4000,115737,0.113468,0.209511,20607.0
4800,135881,0.111014,0.205234,20088.5
5600,155914,0.109183,0.202043,19920.0
6400,175721,0.107672,0.199409,19707.5
7200,195329,0.106388,0.197171,19909.5
8000,215540,0.105657,0.195896,19885.0
8800,235099,0.104768,0.194346,18832.0
9600,253204,0.103433,0.192019,18746.5
10400,272592,0.102787,0.190894,18980.0
11200,291164,0.101948,0.189431,18366.0
12000,309324,0.101086,0.187929,18585.5
12800,328335,0.100593,0.187069,18845.5
13600,347015,0.100062,0.186143,18369.5
14400,365074,0.099421,0.185026,18347.0
15200,383709,0.0989961,0.184285,18146.5
16000,401367,0.0983743,0.183201,17886.5
16800,419482,0.0979183,0.182406,18413.5
17600,438194,0.0976368,0.181916,18326.0
18400,456134,0.0972153,0.181181,18401.0
19200,474996,0.0970172,0.180836,18525.0
20000,493184,0.0967027,0.180287,18331.5
20800,511659,0.0964666,0.179876,18557.5
21600,530299,0.096278,0.179547,18202.5
22400,548064,0.0959496,0.178975,17860.5
23200,566020,0.0956761,0.178498,17727.0
24000,583518,0.0953461,0.177923,17889.0
24800,601798,0.095161,0.1776,18479.0
25600,620476,0.0950484,0.177404,18626.0
26400,639050,0.0949272,0.177192,18216.5
27200,656909,0.0947101,0.176814,17805.0
28000,674660,0.0944902,0.176431,17559.0
28800,692027,0.0942303,0.175978,17354.5
29600,709369,0.0939811,0.175543,17092.0
30400,726211,0.0936805,0.175019,17136.0
31200,743641,0.0934692,0.174651,17694.5
32000,761600,0.0933333,0.174414,17837.0
32800,779315,0.0931749,0.174138,17655.0
33600,796910,0.09301,0.173851,17612.5
34400,814540,0.0928568,0.173583,17621.5
35200,832153,0.0927087,0.173325,17630.5
36000,849801,0.0925709,0.173085,17535.0
36800,867223,0.0924151,0.172813,17180.0
37600,884161,0.0922154,0.172465,17341.5
38400,901906,0.0921064,0.172275,17799.5
39200,919760,0.0920128,0.172112,17602.0
40000,937110,0.0918735,0.171869,17596.5
40800,954953,0.0917871,0.171719,17416.0
41600,971942,0.0916235,0.171434,16813.0
42400,988579,0.0914335,0.171102,16955.0
43200,1005852,0.0913083,0.170884,17008.0
44000,1022595,0.0911404,0.170591,16955.0
44800,1039762,0.0910156,0.170374,17229.5
45600,1057054,0.0909059,0.170183,17052.0
46400,1073866,0.0907595,0.169927,16901.0
47200,1090856,0.0906328,0.169707,17331.5
48000,1108529,0.0905661,0.16959,17430.0
48800,1125716,0.0904626,0.16941,17272.5
49600,1143074,0.0903759,0.169259,17103.0
50400,1159922,0.0902523,0.169043,16940.0
51200,1176954,0.0901466,0.168859,17124.0
52000,1194170,0.0900581,0.168705,16994.0
52800,1210942,0.0899392,0.168498,16697.5
53600,1227565,0.0898131,0.168278,16891.0
54400,1244724,0.0897292,0.168132,16798.0
55200,1261161,0.0895965,0.1679,16584.5
56000,1277893,0.0894883,0.167712,16395.5
56800,1293952,0.0893366,0.167447,16413.0
57600,1310719,0.0892374,0.167274,16809.0
58400,1327570,0.0891465,0.167116,16622.5
59200,1343964,0.0890278,0.166909,16566.0
60000,1360702,0.0889348,0.166747,16744.5
60800,1377453,0.088845,0.16659,16732.5
61600,1394167,0.0887552,0.166434,17058.0
62400,1411569,0.088711,0.166357,17190.5
63200,1428548,0.0886416,0.166236,16732.0
64000,1445033,0.0885437,0.166065,16590.0
64800,1461728,0.0884609,0.165921,16670.0
65600,1478373,0.0883772,0.165775,16770.0
66400,1495268,0.0883102,0.165658,16678.0
67200,1511729,0.0882195,0.1655,16683.0
68000,1528634,0.0881565,0.16539,16972.0
68800,1545673,0.0881027,0.165296,16573.5
69600,1561781,0.0879976,0.165113,16554.5
70400,1578782,0.0879446,0.165021,16814.0
71200,1595409,0.0878723,0.164895,17147.0
72000,1613076,0.0878582,0.16487,17510.0
72800,1630429,0.0878275,0.164816,16694.0
73600,1646464,0.0877272,0.164642,16801.0
74400,1664031,0.0877098,0.164611,17286.5
75200,1681037,0.0876636,0.164531,17163.5
76000,1698358,0.0876346,0.16448,16769.5
76800,1714576,0.0875498,0.164332,16315.0
77600,1730988,0.0874767,0.164205,16374.0
78400,1747324,0.0874012,0.164073,16461.5
79200,1763911,0.0873396,0.163966,16579.5
80000,1780483,0.0872786,0.16386,16638.0
80800,1797187,0.0872252,0.163766,16557.5
81600,1813598,0.0871587,0.163651,17052.5
82400,1831292,0.0871546,0.163643,17396.0
83200,1848390,0.0871225,0.163587,17012.0
84000,1865316,0.0870829,0.163519,16750.5
84800,1881891,0.0870279,0.163423,16359.0
85600,1898034,0.0869541,0.163294,16250.0
86400,1914391,0.0868914,0.163185,16225.0
87200,1930484,0.086818,0.163057,16310.0
88000,1947011,0.0867652,0.162965,16497.5
88800,1963479,0.0867108,0.16287,16291.5
89600,1979594,0.0866419,0.16275,16208.0
90400,1995895,0.0865823,0.162646,16659.0
91200,2012912,0.0865545,0.162597,16966.0
92000,2029827,0.0865229,0.162542,16570.5
92800,2046053,0.0864627,0.162437,16674.0
93600,2063175,0.0864411,0.1624,16864.0
94400,2079781,0.0863983,0.162325,16414.0
95200,2096003,0.0863405,0.162224,16474.5
96000,2112730,0.0863043,0.162161,16673.0
96800,2129349,0.0862643,0.162092,16360.5
97600,2145451,0.0862042,0.161987,16033.0
98400,2161415,0.0861396,0.161874,16111.5
99200,2177674,0.0860877,0.161784,16130.5
100000,2193676,0.0860265,0.161677,16014.0
100800,2209702,0.0859672,0.161574,16333.5
101600,2226343,0.0859326,0.161513,16613.5
102400,2242929,0.0858965,0.16145,15811.0
103200,2257965,0.085802,0.161286,15568.5
104000,2274066,0.0857491,0.161193,15952.5
104800,2289870,0.0856859,0.161083,16048.5
105600,2306163,0.0856418,0.161006,16222.0
106400,2322314,0.0855932,0.160922,16245.5
107200,2338654,0.0855522,0.16085,16584.5
108000,2355483,0.0855295,0.160811,16288.0
108800,2371230,0.0854682,0.160704,16113.0
109600,2387709,0.085434,0.160644,16461.0
110400,2404152,0.085399,0.160583,16254.0
111200,2420217,0.0853511,0.1605,15900.0
112000,2435952,0.0852924,0.160397,15802.5
112800,2451822,0.0852393,0.160305,15885.5
113600,2467723,0.0851879,0.160215,15855.5
114400,2483533,0.0851341,0.160122,15847.5
115200,2499418,0.0850837,0.160034,16114.0
116000,2515761,0.0850494,0.159974,16226.0
116800,2531870,0.0850077,0.159901,16155.0
117600,2548071,0.0849697,0.159835,16599.5
118400,2565069,0.0849586,0.159815,16268.5
119200,2580608,0.0848996,0.159713,15840.5
120000,2596750,0.0848611,0.159646,16199.5
120800,2613007,0.0848269,0.159586,16484.0
121600,2629718,0.0848077,0.159553,16685.0
122400,2646377,0.0847872,0.159517,16373.5
123200,2662465,0.0847487,0.15945,16046.5
124000,2678470,0.0847081,0.159379,16134.0
124800,2694733,0.0846761,0.159323,16011.5
125600,2710493,0.0846289,0.159241,15955.5
126400,2726644,0.0845943,0.159181,16001.0
127200,2742495,0.084551,0.159105,15901.5
128000,2758447,0.0845112,0.159036,16328.0
128800,2775151,0.0844949,0.159007,16190.5
129600,2790828,0.0844477,0.158925,15929.0
130400,2807009,0.0844162,0.15887,16121.5
131200,2823071,0.0843816,0.15881,16382.0
132000,2839773,0.0843664,0.158783,16316.0
132800,2855703,0.0843286,0.158717,16298.0
133600,2872369,0.0843128,0.15869,16280.5
134400,2888264,0.0842747,0.158623,15860.0
135200,2904089,0.0842351,0.158554,15762.0
136000,2919788,0.0841923,0.15848,15830.5
136800,2935750,0.0841575,0.158419,16163.0
137600,2952114,0.0841346,0.158379,16336.0
138400,2968422,0.0841103,0.158337,15898.5
139200,2983911,0.0840633,0.158255,15703.0
140000,2999828,0.0840288,0.158195,16116.5
140800,3016144,0.0840058,0.158155,16048.0
141600,3031924,0.0839682,0.158089,15879.0
142400,3047902,0.0839365,0.158034,15885.5
143200,3063695,0.0839001,0.15797,15865.5
144000,3079633,0.083868,0.157914,15883.5
144800,3095462,0.0838333,0.157854,15829.0
145600,3111291,0.083799,0.157794,16140.0
146400,3127742,0.0837818,0.157764,16139.5
147200,3143570,0.0837481,0.157705,16212.5
148000,3160167,0.0837352,0.157683,16380.0
148800,3176330,0.083711,0.157641,15957.0
149600,3192081,0.0836762,0.15758,15878.0
150400,3208086,0.0836485,0.157532,15879.5
151200,3223840,0.0836145,0.157473,15719.5
152000,3239525,0.0835791,0.157411,15880.5
152800,3255601,0.0835541,0.157367,16253.0
153600,3272031,0.0835384,0.15734,16069.5
154400,3287740,0.0835045,0.157281,15496.5
155200,3303024,0.0834603,0.157204,15910.0
156000,3319560,0.083448,0.157182,15968.0
156800,3334960,0.0834074,0.157111,15881.5
157600,3351323,0.0833911,0.157083,16173.5
158400,3367307,0.0833657,0.157039,15492.5
159200,3382308,0.0833163,0.156953,15555.0
160000,3398417,0.0832945,0.156915,15696.0
160800,3413700,0.0832529,0.156842,15859.5
161600,3430136,0.0832396,0.156819,16143.5
162400,3445987,0.0832123,0.156771,15769.0
163200,3461674,0.0831813,0.156717,16124.0
164000,3478235,0.0831716,0.1567,16083.5
164800,3493841,0.0831392,0.156644,16122.0
165600,3510479,0.0831315,0.156631,16193.0
166400,3526227,0.083103,0.156581,15939.5
167200,3542358,0.0830837,0.156547,15770.0
168000,3557767,0.0830478,0.156485,15377.5
168800,3573113,0.0830107,0.15642,15478.5
169600,3588724,0.0829801,0.156367,15725.0
170400,3604563,0.0829551,0.156323,15656.5
171200,3620037,0.0829219,0.156265,15510.0
172000,3635583,0.0828906,0.156211,15749.0
172800,3651535,0.0828689,0.156173,15737.0
173600,3667057,0.0828376,0.156118,15471.5
174400,3682478,0.0828044,0.15606,15316.5
175200,3697690,0.0827668,0.155995,15905.5
176000,3714289,0.0827605,0.155984,16219.0
176800,3730128,0.0827373,0.155943,15938.5
177600,3746166,0.0827187,0.155911,15796.0
178400,3761720,0.0826897,0.15586,15532.0
179200,3777230,0.08266,0.155809,15736.5
180000,3793193,0.0826404,0.155774,15955.0
180800,3809140,0.0826206,0.15574,16129.0
181600,3825451,0.0826089,0.15572,16162.0
182400,3841464,0.0825908,0.155688,15841.5
183200,3857134,0.0825656,0.155644,15794.0
184000,3873052,0.0825459,0.15561,16017.0
184800,3889168,0.0825305,0.155583,16038.0
185600,3905128,0.082512,0.155551,15529.5
186400,3920227,0.0824755,0.155487,15310.0
187200,3935748,0.0824482,0.15544,15707.5
188000,3951642,0.0824289,0.155406,15560.0
188800,3966868,0.0823959,0.155348,15685.5
189600,3983013,0.0823822,0.155324,15872.0
190400,3998612,0.0823573,0.155281,15725.0
191200,4014463,0.0823378,0.155247,15833.0
192000,4030278,0.0823178,0.155212,15621.0
192800,4045705,0.08229,0.155164,15304.0
193600,4060886,0.0822575,0.155107,15453.5
194400,4076612,0.0822362,0.15507,15628.0
195200,4092142,0.0822111,0.155026,15699.5
196000,4108011,0.0821931,0.154995,15542.5
196800,4123227,0.0821622,0.154941,15525.5
197600,4139062,0.0821438,0.154909,15985.5
198400,4155198,0.0821315,0.154887,15835.5
199200,4170733,0.0821075,0.154846,15440.5
200000,4186079,0.08208,0.154798,15561.5
200800,4201856,0.0820611,0.154765,16099.5
201600,4218278,0.0820549,0.154754,16139.0
202400,4234134,0.0820378,0.154724,15779.0
203200,4249836,0.0820178,0.154689,15241.0
204000,4264616,0.0819803,0.154624,15091.0
204800,4280018,0.081955,0.15458,15513.0
205600,4295642,0.0819341,0.154543,15320.5
206400,4310659,0.0819019,0.154487,15457.0
207200,4326556,0.0818865,0.15446,15978.0
208000,4342615,0.0818743,0.154439,15913.0
208800,4358382,0.0818568,0.154409,15899.5
209600,4374414,0.0818443,0.154387,15686.0
210400,4389754,0.081819,0.154343,15534.5
211200,4405483,0.0818012,0.154312,15739.0
212000,4421232,0.0817838,0.154281,15863.0
212800,4437209,0.0817708,0.154259,15722.0
213600,4452676,0.0817485,0.15422,15589.5
214400,4468388,0.0817308,0.154189,15620.0
215200,4483916,0.08171,0.154153,15567.5
216000,4499523,0.0816907,0.154119,15655.5
216800,4515227,0.0816733,0.154089,15363.5
217600,4530250,0.0816438,0.154037,15410.0
218400,4546047,0.0816284,0.15401,15485.5
219200,4561221,0.0816019,0.153964,15506.5
220000,4577060,0.0815875,0.153939,15555.5
220800,4592332,0.0815632,0.153897,15193.0
221600,4607446,0.0815362,0.15385,15349.5
222400,4623031,0.0815177,0.153817,15481.5
223200,4638409,0.0814957,0.153779,15488.0
224000,4654007,0.0814777,0.153748,15614.0
224800,4669637,0.0814604,0.153718,15844.0
225600,4685695,0.0814507,0.153701,15921.0
226400,4701479,0.0814363,0.153676,15816.0
227200,4717327,0.0814231,0.153653,15530.5
227986,4732540,0.081404,0.153619,15068.0
228786,4747463,0.0813752,0.153569,15438.5
229586,4763417,0.0813641,0.15355,15802.0
230386,4779067,0.081348,0.153522,15404.5
231186,4794226,0.0813236,0.153479,15053.0
231986,4809173,0.0812959,0.153431,15600.0
232786,4825426,0.0812903,0.153421,16165.0
233586,4841503,0.0812818,0.153406,15746.5
234386,4856919,0.0812623,0.153372,15285.0
235186,4872073,0.0812385,0.153331,15475.5
235986,4887870,0.0812257,0.153308,15733.5
236786,4903540,0.0812107,0.153282,15369.5
237586,4918609,0.081186,0.153239,15142.5
238386,4933825,0.0811639,0.153201,15461.5
239186,4949532,0.0811499,0.153176,15749.5
239986,4965324,0.0811375,0.153155,15781.0
240786,4981094,0.0811247,0.153132,15715.5
241586,4996755,0.0811103,0.153107,15749.0
242386,5012592,0.0810988,0.153087,15755.5
243186,5028266,0.0810848,0.153063,15596.5
243986,5043785,0.0810684,0.153034,15555.0
244786,5059376,0.0810532,0.153008,15279.5
245586,5074344,0.0810282,0.152964,15324.0
246386,5090024,0.0810147,0.152941,15775.0
247186,5105894,0.0810042,0.152922,15775.0
247986,5121574,0.0809909,0.152899,15400.5
248786,5136695,0.0809688,0.152861,15445.0
249586,5152464,0.080957,0.15284,15526.5
250386,5167748,0.0809377,0.152807,15644.0
251186,5183752,0.0809298,0.152793,15824.5
251986,5199397,0.0809164,0.152769,15211.0
252786,5214174,0.0808895,0.152722,15360.5
253586,5230118,0.0808809,0.152707,15911.0
254386,5245996,0.0808713,0.152691,15802.5
255186,5261723,0.0808595,0.15267,15619.5
255986,5277235,0.0808444,0.152644,15731.5
256786,5293186,0.0808362,0.152629,15436.5
257586,5308108,0.0808123,0.152588,15234.0
258386,5323654,0.080798,0.152563,15472.0
259186,5339052,0.0807816,0.152534,15297.0
259986,5354248,0.0807622,0.152501,15330.5
260786,5369713,0.080747,0.152474,15321.5
261586,5384891,0.0807276,0.15244,15415.0
262386,5400543,0.0807154,0.152419,15489.0
263186,5415869,0.0806984,0.152389,15548.5
263986,5431640,0.0806882,0.152371,15283.5
264786,5446436,0.0806635,0.152329,15643.5
265586,5462927,0.0806641,0.152329,15858.0
266386,5478152,0.0806459,0.152298,15439.0
267186,5493805,0.0806342,0.152277,15446.5
267986,5509045,0.0806165,0.152247,15349.0
268786,5524503,0.0806021,0.152221,15535.0
269586,5540115,0.08059,0.1522,15361.5
270386,5555226,0.0805707,0.152167,15247.0
271186,5570609,0.0805555,0.15214,15432.5
271986,5586091,0.0805418,0.152116,15403.5
272786,5601416,0.0805259,0.152089,15439.0
273586,5616969,0.0805134,0.152067,15365.0
274386,5632146,0.0804955,0.152036,15538.0
275186,5648045,0.0804881,0.152023,15758.0
275986,5663662,0.0804767,0.152003,15797.5
276786,5679640,0.0804705,0.151992,15859.0
277586,5695380,0.0804609,0.151975,15850.0
278386,5711340,0.0804545,0.151964,15435.0
279186,5726250,0.0804334,0.151927,15346.5
279986,5742033,0.0804247,0.151912,15553.0
280786,5757356,0.0804095,0.151886,15505.5
281586,5773044,0.0803996,0.151868,15392.5
282386,5788141,0.0803814,0.151837,15026.5
283186,5803097,0.0803615,0.151802,15073.5
283986,5818288,0.0803449,0.151773,15438.5
284786,5833974,0.0803352,0.151756,15681.5
285586,5849651,0.0803254,0.151739,15809.5
286386,5865593,0.0803193,0.151728,15623.0
287186,5880897,0.0803045,0.151703,15521.5
287986,5896636,0.0802958,0.151687,15676.0
288786,5912249,0.0802854,0.151669,15544.0
289586,5927724,0.0802731,0.151648,15396.5
290386,5943042,0.0802589,0.151623,15420.5
291186,5958565,0.0802474,0.151603,15916.5
291986,5974875,0.0802466,0.151602,16194.0
292786,5990953,0.0802427,0.151595,15755.5
293586,6006386,0.0802302,0.151573,15408.0
294386,6021769,0.0802171,0.15155,15323.5
295186,6037033,0.0802024,0.151525,15521.5
295986,6052812,0.0801947,0.151511,15658.5
296786,6068350,0.0801839,0.151492,15491.5
297586,6083795,0.0801718,0.151471,15707.5
298386,6099765,0.0801668,0.151463,16170.5
299186,6116136,0.080167,0.151463,16087.0
299986,6131939,0.0801598,0.15145,15909.5
300786,6147955,0.0801554,0.151443,16071.0
301586,6164081,0.0801525,0.151438,15775.5
302386,6179506,0.0801405,0.151417,15446.5
303186,6194974,0.0801291,0.151397,15623.5
303986,6210753,0.0801218,0.151384,15645.0
304786,6226264,0.080111,0.151365,15498.5
305586,6241750,0.0801,0.151346,15661.5
306386,6257587,0.0800936,0.151335,15757.0
307186,6273264,0.0800851,0.15132,15829.5
307986,6289246,0.0800806,0.151312,16055.5
308786,6305375,0.080078,0.151308,16004.0
309586,6321254,0.0800722,0.151298,15732.5
310386,6336840,0.0800627,0.151281,15495.5
311186,6352245,0.080051,0.151261,15153.0
311986,6367146,0.0800331,0.15123,15127.5
312786,6382500,0.0800209,0.151208,15206.5
313586,6397559,0.0800051,0.151181,15236.0
314386,6412972,0.0799937,0.151161,15588.0
315186,6428735,0.0799868,0.151149,15612.0
315986,6444196,0.0799762,0.15113,15336.5
316786,6459408,0.0799625,0.151107,15525.0
317586,6475246,0.0799567,0.151096,15382.5
318386,6490173,0.0799396,0.151067,15368.5
319186,6505983,0.0799335,0.151056,15728.0
319986,6521629,0.0799254,0.151042,15731.5
320786,6537446,0.0799195,0.151031,15260.5
321586,6552150,0.0799,0.150997,15124.0
322386,6567694,0.0798908,0.150981,15469.0
323186,6583088,0.0798798,0.150962,15429.0
323986,6598552,0.0798697,0.150945,15315.5
324786,6613719,0.0798561,0.150921,15189.5
325586,6628931,0.0798431,0.150898,15465.5
326386,6644650,0.0798363,0.150887,15542.5
327186,6660016,0.0798253,0.150867,15483.0
327986,6675616,0.0798171,0.150853,15403.5
328786,6690823,0.0798043,0.150831,15310.0
329586,6706236,0.0797939,0.150813,15326.5
330386,6721476,0.0797816,0.150791,15378.5
331186,6736993,0.0797726,0.150776,15795.5
331986,6753067,0.0797703,0.150771,15764.0
332786,6768521,0.0797606,0.150755,15546.5
333586,6784160,0.0797532,0.150742,15692.0
334386,6799905,0.079747,0.150731,15765.0
335186,6815690,0.0797414,0.150721,15596.5
335986,6831098,0.0797314,0.150704,15265.5
336786,6846221,0.0797181,0.15068,15179.5
337586,6861457,0.0797061,0.15066,14963.5
338386,6876148,0.0796879,0.150628,15045.0
339186,6891547,0.079678,0.150611,15548.0
339986,6907244,0.0796716,0.150599,15807.5
340786,6923162,0.0796678,0.150593,15849.5
341586,6938943,0.0796623,0.150583,15740.5
342386,6954643,0.079656,0.150572,15621.0
343186,6970185,0.0796479,0.150558,15363.5
343986,6985370,0.0796358,0.150537,15010.5
344786,7000206,0.0796198,0.150509,15099.5
345586,7015569,0.0796098,0.150492,15438.5
346386,7031083,0.0796016,0.150477,15338.5
347186,7046246,0.0795894,0.150456,15569.5
347986,7062222,0.0795865,0.150451,15779.0
348786,7077804,0.0795792,0.150438,15497.5
349586,7093217,0.0795699,0.150422,15576.5
350386,7108957,0.0795644,0.150413,15424.5
351186,7124066,0.0795519,0.150391,15526.5
351986,7140010,0.0795487,0.150385,15772.0
352786,7155610,0.0795417,0.150373,15342.5
353586,7170695,0.0795291,0.150351,15068.0
354386,7185746,0.0795161,0.150328,14980.5
355186,7200656,0.0795016,0.150303,15321.5
355986,7216389,0.0794963,0.150294,15770.0
356786,7232196,0.0794918,0.150286,15469.0
357586,7247327,0.0794799,0.150265,15141.5
358386,7262479,0.0794683,0.150245,15226.5
359186,7277780,0.0794583,0.150228,15276.0
359986,7293031,0.0794479,0.150209,15217.0
360786,7308214,0.0794367,0.15019,15316.5
361586,7323664,0.0794285,0.150176,15579.0
362386,7339372,0.0794232,0.150166,15462.0
363186,7354588,0.0794125,0.150148,15424.0
363986,7370220,0.0794064,0.150137,15562.5
364786,7385713,0.0793988,0.150124,15253.0
365586,7400726,0.0793861,0.150102,14882.0
366386,7415477,0.0793707,0.150075,15209.0
367186,7431144,0.0793651,0.150065,15303.0
367986,7446083,0.0793517,0.150042,15076.5
368786,7461297,0.0793414,0.150024,15222.5
369586,7476528,0.0793312,0.150006,15110.0
370386,7491517,0.0793186,0.149984,15335.5
371186,7507199,0.0793133,0.149975,15510.0
371986,7522537,0.0793044,0.149959,15288.5
372786,7537776,0.0792946,0.149942,15129.5
373586,7552796,0.0792824,0.149921,15264.0
374386,7568304,0.0792755,0.149909,15569.0
375186,7583934,0.0792698,0.149899,15631.5
375986,7599567,0.0792642,0.149889,15389.0
376786,7614712,0.0792535,0.149871,15177.5
377586,7629922,0.0792436,0.149853,15217.0
378386,7645146,0.0792338,0.149836,15373.0
379186,7660668,0.0792272,0.149825,15707.0
379986,7676560,0.0792244,0.14982,15713.5
380786,7692095,0.0792179,0.149809,15521.5
381586,7707603,0.0792112,0.149797,15203.0
382386,7722501,0.0791983,0.149774,15279.5
383186,7738162,0.0791932,0.149766,15539.0
383986,7753579,0.0791857,0.149752,15424.5
384786,7769011,0.0791783,0.14974,15779.5
385586,7785138,0.0791781,0.149739,15696.0
386386,7800403,0.0791691,0.149723,15717.0
387186,7816572,0.0791692,0.149724,15550.5
387986,7831504,0.0791569,0.149702,15234.5
388786,7847041,0.0791508,0.149692,15209.0
389586,7861922,0.079138,0.149669,15313.5
390386,7877668,0.079134,0.149662,15467.5
391186,7892857,0.0791245,0.149646,15198.0
391986,7908064,0.0791151,0.149629,15250.0
392786,7923357,0.0791067,0.149615,15377.5
393586,7938819,0.0790999,0.149603,15355.5
394386,7954068,0.0790911,0.149588,15313.0
395186,7969445,0.0790836,0.149574,15381.5
395986,7984831,0.0790762,0.149562,15449.5
396786,8000344,0.0790701,0.149551,15083.0
397586,8014997,0.0790555,0.149525,15024.5
398386,8030393,0.0790483,0.149513,15276.0
399186,8045549,0.0790388,0.149496,15308.5
399986,8061010,0.0790323,0.149485,15725.5
400786,8077000,0.079031,0.149483,15498.5
401586,8092007,0.0790201,0.149464,15063.5
402386,8107127,0.0790103,0.149447,15051.0
403186,8122109,0.0789993,0.149427,15088.5
403986,8137304,0.0789904,0.149412,15501.5
404786,8153112,0.0789874,0.149407,15542.0
405586,8168388,0.0789793,0.149393,15312.5
406386,8183737,0.0789719,0.14938,15289.0
407186,8198966,0.0789634,0.149365,15264.5
407986,8214266,0.0789557,0.149351,15183.5
408786,8229333,0.0789457,0.149334,15169.0
409586,8244604,0.0789377,0.14932,15185.5
410386,8259704,0.0789281,0.149303,14668.0
411186,8273940,0.0789103,0.149272,14668.5
411986,8289041,0.0789008,0.149256,15344.0
412786,8304628,0.078896,0.149247,15467.5
413586,8319976,0.0788889,0.149235,15327.0
414386,8335282,0.0788815,0.149222,15026.5
415186,8350029,0.0788688,0.1492,15048.5
415986,8365379,0.0788618,0.149188,15239.0
416786,8380507,0.0788528,0.149172,15305.5
417586,8395990,0.0788471,0.149162,15271.0
418386,8411049,0.0788375,0.149145,15276.0
419186,8426542,0.078832,0.149136,15194.0
419986,8441437,0.0788209,0.149117,14827.0
420786,8456196,0.0788086,0.149095,15111.5
421586,8471660,0.0788029,0.149085,15503.5
422386,8487203,0.0787979,0.149076,15293.0
423186,8502246,0.0787884,0.14906,15127.5
423986,8517458,0.0787804,0.149046,15347.5
424786,8532941,0.078775,0.149036,15225.0
425586,8547908,0.0787648,0.149019,15099.5
426386,8563140,0.0787571,0.149005,15295.0
427186,8578498,0.0787506,0.148994,15483.0
427986,8594106,0.0787464,0.148987,15148.5
428786,8608795,0.0787339,0.148965,14789.5
429586,8623685,0.0787232,0.148946,15629.5
430386,8640054,0.078726,0.148951,15782.5
431186,8655250,0.0787181,0.148937,15109.0
431986,8670272,0.0787087,0.148921,15145.0
432786,8685540,0.0787016,0.148909,15149.5
433586,8700571,0.0786923,0.148892,15392.0
434386,8716324,0.0786896,0.148888,15025.5
435186,8730622,0.0786738,0.14886,14825.5
435986,8745975,0.0786675,0.148849,15343.0
436786,8761308,0.0786611,0.148838,15379.0
437586,8776733,0.0786555,0.148828,15183.0
438386,8791674,0.0786457,0.148811,14857.0
439186,8806447,0.0786343,0.148791,14981.5
439986,8821637,0.0786267,0.148778,15166.5
440786,8836780,0.0786187,0.148764,15206.5
441586,8852050,0.0786119,0.148752,15560.0
442386,8867900,0.0786103,0.148749,15592.0
443186,8883234,0.078604,0.148738,15229.0
443986,8898358,0.078596,0.148724,15185.5
444786,8913605,0.0785891,0.148712,14945.0
445586,8928248,0.0785768,0.148691,14627.0
446386,8942859,0.0785644,0.148669,14809.0
447186,8957866,0.0785554,0.148654,14617.0
447986,8972093,0.0785397,0.148626,14502.0
448786,8986870,0.0785288,0.148607,14533.5
449586,9001160,0.0785137,0.148581,14565.5
450386,9016001,0.0785035,0.148563,14909.0
451186,9030978,0.0784945,0.148547,15074.0
451986,9046149,0.0784872,0.148535,15401.0
452786,9061780,0.0784839,0.148529,14957.0
453586,9076063,0.0784689,0.148503,14530.5
454386,9090841,0.0784583,0.148484,14994.0
455186,9106051,0.0784515,0.148473,15346.5
455986,9121534,0.078447,0.148465,15503.0
456786,9137057,0.0784429,0.148458,15582.5
457586,9152699,0.0784398,0.148452,14919.0
458386,9166895,0.0784243,0.148425,14662.0
459186,9182023,0.0784169,0.148412,15114.0
459986,9197123,0.0784092,0.148399,15240.5
460786,9212504,0.078404,0.14839,15124.0
461586,9227371,0.0783944,0.148373,14691.0
462386,9241886,0.0783819,0.148351,14762.5
463186,9256896,0.0783736,0.148337,15136.5
463986,9272159,0.0783675,0.148326,15250.0
464786,9287396,0.0783611,0.148315,15330.0
465586,9302819,0.0783564,0.148307,15132.0
466386,9317660,0.0783468,0.14829,14972.0
467186,9332763,0.0783394,0.148277,15139.5
467986,9347939,0.0783327,0.148265,15097.0
468786,9362957,0.0783246,0.148251,15045.5
469586,9378030,0.078317,0.148238,14964.5
470386,9392886,0.0783077,0.148222,15340.0
471186,9408710,0.0783064,0.14822,15556.5
471986,9423999,0.0783008,0.14821,15355.0
472786,9439420,0.0782962,0.148202,15464.0
473586,9454927,0.0782923,0.148195,15184.5
474386,9469789,0.0782831,0.148179,14976.0
475186,9484879,0.0782759,0.148166,15403.0
475986,9500595,0.0782738,0.148163,15693.0
476786,9516265,0.0782714,0.148159,15176.5
477586,9530948,0.0782608,0.14814,14906.0
478386,9546077,0.078254,0.148128,15033.0
479186,9561014,0.0782456,0.148114,15088.0
479986,9576253,0.0782396,0.148103,15262.0
480786,9591538,0.0782341,0.148094,15323.0
481586,9606899,0.0782293,0.148085,15077.5
482386,9621693,0.0782198,0.148069,15016.0
483186,9636931,0.078214,0.148058,15407.5
483986,9652508,0.0782109,0.148053,15436.5
484786,9667804,0.0782056,0.148044,15389.0
485586,9683286,0.0782017,0.148037,15641.5
486386,9699087,0.0782005,0.148035,15256.0
487186,9713798,0.0781905,0.148018,15238.0
487986,9729563,0.078189,0.148015,15261.5
488786,9744321,0.0781795,0.147998,14974.5
489586,9759512,0.0781734,0.147988,14919.5
490386,9774160,0.078163,0.14797,15020.5
491186,9789553,0.0781586,0.147962,15030.0
491986,9804220,0.0781484,0.147944,14960.0
492786,9819473,0.0781429,0.147935,15024.5
493586,9834269,0.0781338,0.147919,14906.5
494386,9849286,0.0781265,0.147906,15060.0
495186,9864389,0.0781199,0.147895,14991.5
495986,9879269,0.0781115,0.14788,14839.0
496786,9894067,0.0781026,0.147864,14657.0
497586,9908583,0.0780914,0.147845,14920.0
498386,9923907,0.0780866,0.147837,14911.0
499186,9938405,0.0780754,0.147817,14820.5
499986,9953548,0.0780692,0.147806,15039.5
500786,9968484,0.0780615,0.147793,14930.5
501586,9983409,0.0780537,0.147779,15248.5
502386,9998981,0.0780509,0.147774,15182.5
503186,10013774,0.0780421,0.147759,14897.5
503986,10028776,0.078035,0.147747,15056.0
504786,10043886,0.0780287,0.147736,14992.5
505586,10058761,0.0780206,0.147721,15173.5
506386,10074233,0.0780172,0.147715,15188.5
507186,10089138,0.0780093,0.147702,15291.5
507986,10104816,0.0780075,0.147699,15618.0
508786,10120374,0.0780048,0.147694,15208.5
509586,10135233,0.0779967,0.14768,14866.5
510386,10150107,0.0779887,0.147666,14967.0
511186,10165167,0.0779822,0.147654,15169.0
511986,10180445,0.0779774,0.147646,15177.5
512786,10195522,0.077971,0.147635,15194.0
513586,10210833,0.0779665,0.147627,15363.5
514386,10226249,0.0779627,0.147621,15177.0
515186,10241187,0.0779554,0.147608,15158.5
515986,10256566,0.0779514,0.147601,14961.0
516786,10271109,0.0779411,0.147583,14739.0
517586,10286044,0.0779338,0.14757,15244.0
518386,10301597,0.0779312,0.147566,15607.5
519186,10317259,0.0779294,0.147562,15775.5
519986,10333148,0.0779293,0.147562,15517.0
520786,10348293,0.0779236,0.147552,15357.5
521586,10363863,0.0779212,0.147548,15370.5
522386,10379034,0.0779157,0.147539,15210.5
523186,10394284,0.0779109,0.14753,15082.5
523986,10409199,0.0779036,0.147517,15253.5
524786,10424791,0.0779013,0.147514,15250.5
525586,10439700,0.077894,0.147501,15290.0
526386,10455371,0.0778924,0.147498,15343.5
527186,10470387,0.0778859,0.147487,15590.0
527986,10486551,0.0778879,0.14749,15542.5
528786,10501472,0.0778807,0.147478,14929.5
529586,10516410,0.0778737,0.147465,14897.5
530386,10531267,0.0778661,0.147452,15076.0
531186,10546562,0.0778617,0.147445,15113.0
531986,10561493,0.0778547,0.147432,14945.0
532786,10576452,0.0778479,0.14742,15211.5
533586,10591916,0.0778449,0.147415,15243.5
534386,10606939,0.0778386,0.147404,14933.5
535186,10621783,0.077831,0.147391,14832.5
535986,10636604,0.0778233,0.147377,15043.0
536786,10651869,0.0778188,0.14737,15122.5
537586,10666849,0.0778123,0.147358,15057.5
538386,10681984,0.0778069,0.147349,14965.0
539186,10696779,0.077799,0.147335,14991.0
539986,10711966,0.0777941,0.147327,15326.5
540786,10727432,0.0777911,0.147321,14795.5
541586,10741557,0.0777785,0.147299,14657.5
542386,10756747,0.0777736,0.147291,15269.5
543186,10772096,0.0777699,0.147284,15088.5
543986,10786924,0.0777624,0.147271,15061.0
544786,10802218,0.0777583,0.147264,15381.5
545586,10817687,0.0777555,0.147259,15185.0
546386,10832588,0.0777486,0.147247,14806.0
547186,10847299,0.0777403,0.147233,14851.0
547986,10862290,0.0777341,0.147222,15082.0
548786,10877463,0.0777292,0.147214,14961.0
549586,10892212,0.0777213,0.1472,15195.0
550386,10907853,0.0777198,0.147197,15876.5
551186,10923965,0.0777216,0.1472,15580.0
551986,10939013,0.0777159,0.14719,15013.5
552786,10953992,0.0777097,0.147179,15125.0
553586,10969263,0.0777056,0.147172,15001.5
554386,10983995,0.0776977,0.147159,14981.5
555186,10999226,0.0776933,0.147151,14978.0
555986,11013951,0.0776853,0.147137,15024.5
556786,11029275,0.0776817,0.147131,15071.0
557586,11044093,0.0776744,0.147118,14986.5
558386,11059248,0.0776696,0.14711,15232.5
559186,11074558,0.0776658,0.147103,15086.5
559986,11089421,0.077659,0.147091,14803.5
560786,11104165,0.0776513,0.147078,14690.5
561586,11118802,0.0776429,0.147063,15029.0
562386,11134223,0.0776399,0.147058,15245.5
563186,11149293,0.0776346,0.147049,14659.5
563986,11163542,0.0776236,0.147029,14329.0
564786,11177951,0.0776136,0.147012,14830.0
565586,11193202,0.0776096,0.147005,15165.0
566386,11208281,0.0776044,0.146996,14797.0
567186,11222796,0.0775953,0.14698,14715.0
567986,11237711,0.077589,0.146969,14468.0
568786,11251732,0.0775765,0.146947,14420.0
569586,11266551,0.0775696,0.146935,15106.0
570386,11281944,0.0775666,0.14693,15139.0
571186,11296829,0.0775602,0.146919,14941.5
571986,11311827,0.0775545,0.146909,15295.0
572786,11327419,0.077553,0.146906,15316.5
573586,11342460,0.0775476,0.146897,15158.5
574386,11357736,0.0775439,0.146891,15133.5
575186,11372727,0.0775383,0.146881,15113.0
575986,11387962,0.0775343,0.146874,14956.5
576786,11402640,0.0775266,0.14686,15101.0
577586,11418164,0.0775246,0.146857,15419.0
578386,11433478,0.0775212,0.146851,15295.0
579186,11448754,0.0775175,0.146845,15229.0
579986,11463936,0.0775133,0.146837,15004.0
580786,11478762,0.0775066,0.146825,14975.0
581586,11493886,0.077502,0.146817,15177.5
582386,11509117,0.0774981,0.146811,15355.0
583186,11524596,0.0774958,0.146807,15339.5
583986,11539796,0.0774918,0.1468,15255.5
584786,11555107,0.0774884,0.146794,15282.5
585586,11570361,0.0774847,0.146787,15142.0
586386,11585391,0.0774795,0.146778,14962.5
587186,11600286,0.0774734,0.146768,14758.5
587986,11614908,0.0774655,0.146754,14698.0
588786,11629682,0.0774587,0.146742,15103.5
589586,11645115,0.0774562,0.146738,15316.0
590386,11660314,0.0774522,0.146731,14958.0
591186,11675031,0.0774451,0.146718,14759.5
591986,11689833,0.0774385,0.146707,14377.5
592786,11703786,0.0774263,0.146685,14612.5
593586,11719058,0.0774228,0.146679,14839.5
594386,11733465,0.0774136,0.146663,14489.5
595186,11748037,0.0774056,0.146649,14604.0
595986,11762673,0.077398,0.146636,14774.0
596786,11777585,0.0773922,0.146626,15016.5
597586,11792706,0.0773879,0.146618,15262.5
598386,11808110,0.0773854,0.146614,15152.0
599186,11823010,0.0773796,0.146604,15049.5
599986,11838209,0.0773757,0.146597,15187.0
600786,11853384,0.0773717,0.14659,14888.5
601586,11867986,0.077364,0.146577,14838.5
602386,11883061,0.0773594,0.146569,15178.0
603186,11898342,0.0773562,0.146563,14997.5
603986,11913056,0.0773493,0.146551,14767.5
604786,11927877,0.077343,0.14654,14938.0
605586,11942932,0.0773384,0.146532,15387.0
606386,11958651,0.077338,0.146532,15055.0
607186,11973042,0.077329,0.146516,14733.0
607986,11988117,0.0773245,0.146508,14807.0
608786,12002656,0.0773166,0.146494,14985.0
609586,12018087,0.0773144,0.14649,15177.0
610386,12033010,0.0773089,0.146481,14975.5
611186,12048038,0.0773041,0.146473,15236.0
611986,12063482,0.0773021,0.146469,15153.0
612786,12078344,0.0772962,0.146459,14934.0
613586,12093350,0.0772914,0.14645,14865.5
614386,12108075,0.0772847,0.146439,14996.0
615186,12123342,0.0772815,0.146433,15115.5
615986,12138306,0.0772764,0.146424,14718.0
616786,12152778,0.0772682,0.14641,14756.5
617586,12167819,0.0772636,0.146402,14976.5
618386,12182731,0.0772582,0.146393,15007.0
619186,12197833,0.0772541,0.146385,14643.5
619986,12212018,0.0772441,0.146368,14736.0
620786,12227305,0.0772411,0.146363,15172.0
621586,12242362,0.0772367,0.146355,15050.5
622386,12257406,0.0772322,0.146347,15095.0
623186,12272552,0.0772284,0.146341,15334.5
623986,12288075,0.0772269,0.146338,14862.0
624786,12302276,0.0772172,0.146321,14494.5
625586,12317064,0.0772111,0.14631,14973.0
626386,12332222,0.0772074,0.146304,15206.0
627186,12347476,0.0772043,0.146299,14943.0
627986,12362108,0.0771973,0.146286,14861.0
628786,12377198,0.0771932,0.146279,15081.5
629586,12392271,0.077189,0.146272,14658.5
630386,12406515,0.0771797,0.146256,14483.5
631186,12421238,0.0771733,0.146245,14725.5
631986,12435966,0.077167,0.146234,15131.0
632786,12451500,0.0771658,0.146231,14860.5
633586,12465687,0.0771561,0.146215,14690.5
634386,12480881,0.0771528,0.146209,15039.5
635186,12495766,0.0771475,0.146199,14868.5
635986,12510618,0.077142,0.14619,14981.5
636786,12525729,0.0771382,0.146183,14803.5
637586,12540225,0.0771305,0.14617,14796.0
638386,12555321,0.0771266,0.146163,14964.0
639186,12570153,0.0771211,0.146153,14719.0
639986,12584759,0.0771142,0.146141,14865.0
640786,12599883,0.0771105,0.146135,15015.5
641586,12614790,0.0771054,0.146126,15149.5
642386,12630182,0.0771034,0.146123,15060.0
643186,12644910,0.0770973,0.146112,14949.0
643986,12660080,0.0770939,0.146106,14864.0
644786,12674638,0.0770868,0.146094,14770.5
645586,12689621,0.0770822,0.146086,14930.5
646386,12704499,0.0770771,0.146077,14931.0
647186,12719483,0.0770726,0.146069,15157.5
647986,12734814,0.0770703,0.146065,15107.5
648786,12749698,0.0770652,0.146056,15048.0
649586,12764910,0.0770621,0.146051,15367.0
650386,12780432,0.0770609,0.146049,15191.5
651186,12795293,0.0770557,0.14604,14902.0
651986,12810236,0.0770511,0.146031,15104.5
652786,12825502,0.0770484,0.146027,15157.0
653586,12840550,0.0770443,0.14602,15184.0
654386,12855870,0.077042,0.146016,15138.0
655186,12870826,0.0770374,0.146008,15508.0
655986,12886886,0.0770395,0.146011,15434.5
656786,12901695,0.077034,0.146002,15064.5
657586,12917015,0.0770317,0.145998,15160.5
658386,12932016,0.0770274,0.14599,14863.0
659186,12946741,0.0770216,0.14598,14658.5
659986,12961333,0.0770149,0.145968,14736.0
660786,12976213,0.07701,0.14596,14678.0
661586,12990689,0.0770027,0.145947,14515.5
662386,13005244,0.0769958,0.145935,14715.0
663186,13020119,0.0769909,0.145927,14982.5
663986,13035209,0.0769873,0.14592,14759.0
664786,13049637,0.0769797,0.145907,14834.0
665586,13064877,0.076977,0.145902,14980.0
666386,13079597,0.0769712,0.145892,14770.5
667186,13094418,0.076966,0.145883,14985.5
667986,13109568,0.0769628,0.145878,15181.0
668786,13124780,0.0769599,0.145873,15009.0
669586,13139586,0.0769547,0.145863,14957.0
670386,13154694,0.0769512,0.145857,15224.0
671186,13170034,0.0769491,0.145854,14822.5
671986,13184339,0.076941,0.14584,14639.0
672786,13199312,0.0769368,0.145832,15139.0
673586,13214617,0.0769345,0.145828,15004.0
674386,13229320,0.0769288,0.145818,14648.5
675186,13243914,0.0769224,0.145807,14741.5
675986,13258803,0.0769177,0.145799,14714.0
676786,13273342,0.076911,0.145787,14696.5
677586,13288196,0.0769062,0.145779,15036.5
678386,13303415,0.0769035,0.145774,14904.5
679186,13318005,0.0768972,0.145763,15065.5
679986,13333546,0.0768963,0.145762,15265.0
680786,13348535,0.0768923,0.145755,15037.5
681586,13363621,0.0768888,0.145749,14878.5
682386,13378292,0.076883,0.145738,14839.0
683186,13393299,0.0768791,0.145732,15128.5
683986,13408549,0.0768766,0.145727,15037.5
684786,13423374,0.0768717,0.145719,14858.5
685586,13438266,0.0768672,0.145711,15117.0
686386,13453608,0.0768653,0.145708,15050.0
687186,13468366,0.07686,0.145698,14763.0
687986,13483134,0.0768548,0.145689,14988.0
688786,13498342,0.0768521,0.145685,15181.0
689586,13513496,0.0768492,0.145679,15070.5
690386,13528483,0.0768452,0.145673,14747.5
691186,13542991,0.0768386,0.145661,14974.0
691986,13558431,0.0768373,0.145659,14878.0
692786,13572747,0.0768296,0.145645,14239.5
693586,13586910,0.076821,0.14563,14509.5
694386,13601766,0.0768164,0.145622,14696.0
695186,13616302,0.07681,0.145611,14997.5
695986,13631761,0.0768089,0.145609,15369.0
696786,13647040,0.0768067,0.145605,14857.5
697586,13661476,0.0767997,0.145593,14771.5
698386,13676583,0.0767966,0.145588,14813.0
699186,13691102,0.0767901,0.145577,14850.0
699986,13706283,0.0767874,0.145572,14989.5
700786,13721081,0.0767826,0.145563,14707.0
701586,13735697,0.0767767,0.145553,14575.0
702386,13750231,0.0767704,0.145542,14926.5
703186,13765550,0.0767685,0.145539,15091.5
703986,13780414,0.0767641,0.145531,14919.0
704786,13795388,0.0767603,0.145524,14958.0
705586,13810330,0.0767563,0.145518,15146.5
706386,13825681,0.0767546,0.145515,15219.5
707186,13840769,0.0767514,0.145509,14921.0
707986,13855523,0.0767464,0.1455,14940.0
708786,13870649,0.0767435,0.145495,14928.5
709586,13885380,0.0767384,0.145486,14969.5
710386,13900588,0.0767359,0.145482,15273.5
711186,13915927,0.0767342,0.145479,14856.5
711986,13930301,0.0767271,0.145467,14484.0
712786,13944895,0.0767213,0.145457,14854.0
713586,13960009,0.0767183,0.145451,15338.5
714386,13975572,0.0767179,0.145451,15479.0
715186,13990967,0.0767165,0.145448,15273.5
715986,14006119,0.0767137,0.145443,14884.5
716786,14020736,0.0767081,0.145434,14580.0
717586,14035279,0.076702,0.145423,14721.5
718386,14050179,0.076698,0.145416,15127.5
719186,14065534,0.0766964,0.145413,15089.0
719986,14080357,0.0766919,0.145405,14930.0
720786,14095394,0.0766886,0.1454,14969.5
721586,14110296,0.0766845,0.145392,14969.0
722386,14125332,0.0766812,0.145387,15054.0
723186,14140404,0.0766782,0.145381,14694.5
723986,14154721,0.076671,0.145369,14523.0
724786,14169450,0.076666,0.14536,14633.5
725586,14183988,0.0766601,0.14535,14993.0
726386,14199436,0.0766591,0.145348,15278.5
727186,14214545,0.0766562,0.145343,15171.5
727986,14229779,0.076654,0.145339,14647.0
728786,14243839,0.0766455,0.145324,14588.5
729586,14258956,0.0766427,0.14532,15090.0
730386,14274019,0.0766397,0.145314,14938.0
731186,14288832,0.0766353,0.145307,14919.5
731986,14303858,0.076632,0.145301,14752.5
732786,14318337,0.0766258,0.14529,14719.0
733586,14333296,0.0766222,0.145284,15064.0
734386,14348465,0.0766198,0.14528,14870.5
735186,14363037,0.0766141,0.14527,14920.5
735986,14378306,0.0766122,0.145266,15109.0
736786,14393255,0.0766086,0.14526,14780.0
737586,14407866,0.0766032,0.145251,15083.5
738386,14423422,0.0766028,0.14525,15030.5
739186,14437927,0.0765969,0.14524,14535.0
739986,14452492,0.0765912,0.14523,14375.5
740786,14466678,0.0765836,0.145217,14665.5
741586,14481823,0.0765811,0.145212,15131.0
742386,14496940,0.0765784,0.145207,15270.0
743186,14512363,0.0765774,0.145206,15243.0
743986,14527426,0.0765744,0.145201,14871.5
744786,14542106,0.0765695,0.145192,15147.0
745586,14557720,0.0765694,0.145192,15486.0
746386,14573078,0.0765681,0.145189,15221.0
747186,14588162,0.0765652,0.145185,15206.5
747986,14603491,0.0765637,0.145182,15032.5
748786,14618227,0.0765591,0.145174,14907.0
749586,14633305,0.0765563,0.145169,14848.5
750386,14647924,0.0765511,0.14516,14854.5
751186,14663014,0.0765483,0.145155,15178.0
751986,14678280,0.0765465,0.145152,14976.0
752786,14692966,0.0765416,0.145143,14859.0
753586,14707998,0.0765386,0.145138,15053.0
754386,14723072,0.0765358,0.145133,14973.5
755186,14737945,0.076532,0.145127,14690.5
755986,14752453,0.0765262,0.145117,14497.5
756786,14766940,0.0765204,0.145106,14926.5
757586,14782306,0.0765191,0.145104,14928.5
758386,14796797,0.0765134,0.145094,14486.0
759186,14811278,0.0765075,0.145084,14465.0
759986,14825727,0.0765015,0.145074,14684.5
760786,14840647,0.076498,0.145067,14724.0
761586,14855175,0.0764925,0.145058,14771.5
762386,14870190,0.0764894,0.145052,14871.0
763186,14884917,0.0764849,0.145045,14442.0
763986,14899074,0.0764775,0.145032,14924.5
764786,14914766,0.076478,0.145032,15015.5
765586,14929105,0.0764715,0.145021,14413.5
766386,14943593,0.0764658,0.145011,14606.5
767186,14958318,0.0764613,0.145003,14490.5
767986,14972574,0.0764545,0.144991,14452.0
768786,14987222,0.0764496,0.144983,14865.5
769586,15002305,0.076447,0.144978,14968.5
770386,15017159,0.0764433,0.144972,14675.5
771186,15031656,0.0764377,0.144962,14703.5
771986,15046566,0.0764342,0.144956,14730.0
772786,15061116,0.0764289,0.144947,14749.0
773586,15076064,0.0764257,0.144941,14934.5
774386,15090985,0.0764223,0.144935,15001.0
775186,15106066,0.0764197,0.144931,14859.5
775986,15120704,0.0764149,0.144922,15074.0
776786,15136214,0.0764145,0.144922,15112.0
777586,15150928,0.0764101,0.144914,15064.0
778386,15166342,0.0764092,0.144913,15338.0
779186,15181604,0.0764076,0.14491,15056.0
779986,15196454,0.0764039,0.144903,14821.5
780786,15211247,0.0763999,0.144896,14673.5
781586,15225801,0.0763947,0.144887,14998.0
782386,15241243,0.076394,0.144886,15098.5
783186,15255998,0.0763898,0.144879,14618.5
783986,15270480,0.0763843,0.144869,14853.0
784786,15285704,0.0763825,0.144866,14892.5
785586,15300265,0.0763774,0.144857,15210.0
786386,15316124,0.0763788,0.14486,15307.5
787186,15330880,0.0763747,0.144852,14597.0
787986,15345318,0.076369,0.144842,14239.5
788786,15359359,0.0763614,0.144829,14652.5
789586,15374623,0.0763598,0.144826,14967.5
790386,15389294,0.0763553,0.144819,14420.0
791186,15403463,0.0763483,0.144806,14591.0
791986,15418476,0.0763456,0.144802,14966.5
792786,15433396,0.0763423,0.144796,14935.0
793586,15448346,0.0763392,0.144791,14913.0
794386,15463222,0.0763358,0.144785,14529.5
795186,15477405,0.0763289,0.144773,14370.0
795986,15491962,0.0763239,0.144764,14470.0
796786,15506345,0.0763181,0.144754,14468.5
797586,15520899,0.0763131,0.144745,14828.5
798386,15536002,0.0763108,0.144741,15012.5
799186,15550924,0.0763077,0.144736,14776.0
799986,15565554,0.0763031,0.144728,14556.0
800786,15580036,0.0762978,0.144718,14647.0
801586,15594848,0.0762941,0.144712,14804.0
802386,15609644,0.0762903,0.144705,13411.0
803042,15621670,0.0762867,0.144699,12026.0
