maxerror,ngram,maxlevel,r,ndtw,sdiff,enew
1,democraci,0,0,1,0.05000,0.95000
1,democraci,0,5,1,0.05000,0.95000
1,democraci,0,10,1,0.05000,0.95000
1,democraci,0,15,1,0.05000,0.95000
1,democraci,0,20,1,0.05000,0.95000
1,democraci,1,0,1,0.05000,0.95000
1,democraci,1,5,1,0.05000,0.95000
1,democraci,1,10,1,0.05000,0.95000
1,democraci,1,15,1,0.05000,0.95000
1,democraci,1,20,1,0.05000,0.95000
1,democraci,2,0,1,0.05000,0.95000
1,democraci,2,5,1,0.05000,0.95000
1,democraci,2,10,1,0.05000,0.95000
1,democraci,2,15,1,0.05000,0.95000
1,democraci,2,20,1,0.05000,0.95000
1,democraci,3,0,1,0.05000,0.95000
1,democraci,3,5,1,0.05000,0.95000
1,democraci,3,10,1,0.05000,0.95000
1,democraci,3,15,1,0.05000,0.95000
1,democraci,3,20,1,0.05000,0.95000
1,democraci,4,0,4,0.05000,0.95000
1,democraci,4,5,4,0.05000,0.95000
1,democraci,4,10,4,0.05000,0.95000
1,democraci,4,15,4,0.05000,0.95000
1,democraci,4,20,4,0.05000,0.95000
1,democraci,5,0,2211,0.05000,0.95000
1,democraci,5,5,2211,0.05000,0.80000
1,democraci,5,10,2211,0.05000,0.80000
1,democraci,5,15,2211,0.05000,0.75000
1,democraci,5,20,2211,0.05000,0.75000
1,democraci,6,0,386662,1.00000,0.00000
1,democraci,6,5,386662,0.90000,0.05000
1,democraci,6,10,386662,1.00000,0.00000
1,democraci,6,15,386662,1.00000,0.00000
1,democraci,6,20,386662,1.00000,0.00000
2,democraci,0,0,1,0.05000,0.95000
2,democraci,0,5,1,0.05000,0.95000
2,democraci,0,10,1,0.05000,0.95000
2,democraci,0,15,1,0.05000,0.95000
2,democraci,0,20,1,0.05000,0.95000
2,democraci,1,0,1,0.05000,0.95000
2,democraci,1,5,1,0.05000,0.95000
2,democraci,1,10,1,0.05000,0.95000
2,democraci,1,15,1,0.05000,0.95000
2,democraci,1,20,1,0.05000,0.95000
2,democraci,2,0,1,0.05000,0.95000
2,democraci,2,5,1,0.05000,0.95000
2,democraci,2,10,1,0.05000,0.95000
2,democraci,2,15,1,0.05000,0.95000
2,democraci,2,20,1,0.05000,0.95000
2,democraci,3,0,2,0.05000,0.95000
2,democraci,3,5,2,0.05000,0.95000
2,democraci,3,10,2,0.05000,0.95000
2,democraci,3,15,2,0.05000,0.95000
2,democraci,3,20,2,0.05000,0.95000
2,democraci,4,0,5379,0.50000,0.25000
2,democraci,4,5,5379,0.05000,0.65000
2,democraci,4,10,5379,0.15000,0.65000
2,democraci,4,15,5379,0.05000,0.65000
2,democraci,4,20,5379,0.05000,0.80000
2,democraci,5,0,611845,1.00000,0.00000
2,democraci,5,5,611845,1.00000,0.00000
2,democraci,5,10,611845,1.00000,0.00000
2,democraci,5,15,611845,0.85000,0.10000
2,democraci,5,20,611845,0.90000,0.05000
2,democraci,6,0,798041,1.00000,0.00000
2,democraci,6,5,798041,1.00000,0.00000
2,democraci,6,10,798041,1.00000,0.00000
2,democraci,6,15,798041,1.00000,0.00000
2,democraci,6,20,798041,1.00000,0.00000
5,democraci,0,0,1,0.05000,0.95000
5,democraci,0,5,1,0.05000,0.95000
5,democraci,0,10,1,0.05000,0.95000
5,democraci,0,15,1,0.05000,0.95000
5,democraci,0,20,1,0.05000,0.95000
5,democraci,1,0,1,0.05000,0.95000
5,democraci,1,5,1,0.05000,0.95000
5,democraci,1,10,1,0.05000,0.95000
5,democraci,1,15,1,0.05000,0.95000
5,democraci,1,20,1,0.05000,0.95000
5,democraci,2,0,2,0.05000,0.95000
5,democraci,2,5,2,0.05000,0.95000
5,democraci,2,10,2,0.05000,0.95000
5,democraci,2,15,2,0.05000,0.95000
5,democraci,2,20,2,0.05000,0.95000
5,democraci,3,0,856,0.10000,0.90000
5,democraci,3,5,856,0.10000,0.85000
5,democraci,3,10,856,0.10000,0.85000
5,democraci,3,15,856,0.05000,0.85000
5,democraci,3,20,856,0.05000,0.85000
5,democraci,4,0,81550,0.10000,0.80000
5,democraci,4,5,81550,0.20000,0.45000
5,democraci,4,10,81550,0.20000,0.60000
5,democraci,4,15,81550,0.05000,0.60000
5,democraci,4,20,81550,0.05000,0.60000
5,democraci,5,0,780315,0.45000,0.30000
5,democraci,5,5,780315,1.00000,0.00000
5,democraci,5,10,780315,1.00000,0.00000
5,democraci,5,15,780315,1.00000,0.00000
5,democraci,5,20,780315,0.80000,0.10000
5,democraci,6,0,788818,0.45000,0.30000
5,democraci,6,5,788818,1.00000,0.00000
5,democraci,6,10,788818,1.00000,0.00000
5,democraci,6,15,788818,1.00000,0.00000
5,democraci,6,20,788818,0.80000,0.10000
1,drug,0,0,1,0.05000,0.95000
1,drug,0,5,1,0.05000,0.95000
1,drug,0,10,1,0.05000,0.95000
1,drug,0,15,1,0.05000,0.95000
1,drug,0,20,1,0.05000,0.95000
1,drug,1,0,1,0.05000,0.95000
1,drug,1,5,1,0.05000,0.95000
1,drug,1,10,1,0.05000,0.95000
1,drug,1,15,1,0.05000,0.95000
1,drug,1,20,1,0.05000,0.95000
1,drug,2,0,1,0.05000,0.95000
1,drug,2,5,1,0.05000,0.95000
1,drug,2,10,1,0.05000,0.95000
1,drug,2,15,1,0.05000,0.95000
1,drug,2,20,1,0.05000,0.95000
1,drug,3,0,1,0.05000,0.95000
1,drug,3,5,1,0.05000,0.95000
1,drug,3,10,1,0.05000,0.95000
1,drug,3,15,1,0.05000,0.95000
1,drug,3,20,1,0.05000,0.95000
1,drug,4,0,3,0.05000,0.95000
1,drug,4,5,3,0.05000,0.95000
1,drug,4,10,3,0.05000,0.95000
1,drug,4,15,3,0.05000,0.95000
1,drug,4,20,3,0.05000,0.95000
1,drug,5,0,3528,0.05000,0.80000
1,drug,5,5,3528,0.10000,0.60000
1,drug,5,10,3528,0.05000,0.75000
1,drug,5,15,3528,0.10000,0.75000
1,drug,5,20,3528,0.10000,0.75000
1,drug,6,0,661928,1.00000,0.00000
1,drug,6,5,661928,1.00000,0.00000
1,drug,6,10,661928,1.00000,0.00000
1,drug,6,15,661928,1.00000,0.00000
1,drug,6,20,661928,1.00000,0.00000
2,drug,0,0,1,0.05000,0.95000
2,drug,0,5,1,0.05000,0.95000
2,drug,0,10,1,0.05000,0.95000
2,drug,0,15,1,0.05000,0.95000
2,drug,0,20,1,0.05000,0.95000
2,drug,1,0,1,0.05000,0.95000
2,drug,1,5,1,0.05000,0.95000
2,drug,1,10,1,0.05000,0.95000
2,drug,1,15,1,0.05000,0.95000
2,drug,1,20,1,0.05000,0.95000
2,drug,2,0,1,0.05000,0.95000
2,drug,2,5,1,0.05000,0.95000
2,drug,2,10,1,0.05000,0.95000
2,drug,2,15,1,0.05000,0.95000
2,drug,2,20,1,0.05000,0.95000
2,drug,3,0,21,0.05000,0.95000
2,drug,3,5,21,0.05000,0.95000
2,drug,3,10,21,0.05000,0.95000
2,drug,3,15,21,0.05000,0.95000
2,drug,3,20,21,0.05000,0.95000
2,drug,4,0,8317,0.60000,0.20000
2,drug,4,5,8317,0.60000,0.20000
2,drug,4,10,8317,0.70000,0.15000
2,drug,4,15,8317,0.55000,0.25000
2,drug,4,20,8317,0.60000,0.20000
2,drug,5,0,526727,1.00000,0.00000
2,drug,5,5,526727,1.00000,0.00000
2,drug,5,10,526727,1.00000,0.00000
2,drug,5,15,526727,1.00000,0.00000
2,drug,5,20,526727,1.00000,0.00000
2,drug,6,0,795524,1.00000,0.00000
2,drug,6,5,795524,1.00000,0.00000
2,drug,6,10,795524,1.00000,0.00000
2,drug,6,15,795524,1.00000,0.00000
2,drug,6,20,795524,1.00000,0.00000
5,drug,0,0,1,0.05000,0.95000
5,drug,0,5,1,0.05000,0.95000
5,drug,0,10,1,0.05000,0.95000
5,drug,0,15,1,0.05000,0.95000
5,drug,0,20,1,0.05000,0.95000
5,drug,1,0,1,0.05000,0.95000
5,drug,1,5,1,0.05000,0.95000
5,drug,1,10,1,0.05000,0.95000
5,drug,1,15,1,0.05000,0.95000
5,drug,1,20,1,0.05000,0.95000
5,drug,2,0,6,0.05000,0.95000
5,drug,2,5,6,0.05000,0.95000
5,drug,2,10,6,0.05000,0.95000
5,drug,2,15,6,0.05000,0.95000
5,drug,2,20,6,0.05000,0.95000
5,drug,3,0,277175,0.05000,0.80000
5,drug,3,5,277175,0.05000,0.90000
5,drug,3,10,277175,0.05000,0.85000
5,drug,3,15,277175,0.05000,0.90000
5,drug,3,20,277175,0.05000,0.90000
5,drug,4,0,694635,0.05000,0.65000
5,drug,4,5,694635,0.50000,0.25000
5,drug,4,10,694635,0.70000,0.15000
5,drug,4,15,694635,0.60000,0.20000
5,drug,4,20,694635,0.60000,0.20000
5,drug,5,0,786136,0.10000,0.60000
5,drug,5,5,786136,0.70000,0.15000
5,drug,5,10,786136,0.90000,0.05000
5,drug,5,15,786136,0.80000,0.10000
5,drug,5,20,786136,0.80000,0.10000
5,drug,6,0,788818,0.10000,0.60000
5,drug,6,5,788818,0.70000,0.15000
5,drug,6,10,788818,0.90000,0.05000
5,drug,6,15,788818,0.80000,0.10000
5,drug,6,20,788818,0.80000,0.10000
1,german,0,0,1,0.05000,0.95000
1,german,0,5,1,0.05000,0.95000
1,german,0,10,1,0.05000,0.95000
1,german,0,15,1,0.05000,0.95000
1,german,0,20,1,0.05000,0.95000
1,german,1,0,1,0.05000,0.95000
1,german,1,5,1,0.05000,0.95000
1,german,1,10,1,0.05000,0.95000
1,german,1,15,1,0.05000,0.95000
1,german,1,20,1,0.05000,0.95000
1,german,2,0,1,0.05000,0.95000
1,german,2,5,1,0.05000,0.95000
1,german,2,10,1,0.05000,0.95000
1,german,2,15,1,0.05000,0.95000
1,german,2,20,1,0.05000,0.95000
1,german,3,0,1,0.05000,0.95000
1,german,3,5,1,0.05000,0.95000
1,german,3,10,1,0.05000,0.95000
1,german,3,15,1,0.05000,0.95000
1,german,3,20,1,0.05000,0.95000
1,german,4,0,89,0.05000,0.95000
1,german,4,5,89,0.05000,0.95000
1,german,4,10,89,0.05000,0.95000
1,german,4,15,89,0.05000,0.95000
1,german,4,20,89,0.05000,0.95000
1,german,5,0,8662,0.65000,0.20000
1,german,5,5,8662,0.40000,0.35000
1,german,5,10,8662,0.35000,0.40000
1,german,5,15,8662,0.35000,0.40000
1,german,5,20,8662,0.35000,0.35000
1,german,6,0,692712,1.00000,0.00000
1,german,6,5,692712,1.00000,0.00000
1,german,6,10,692712,1.00000,0.00000
1,german,6,15,692712,1.00000,0.00000
1,german,6,20,692712,1.00000,0.00000
2,german,0,0,1,0.05000,0.95000
2,german,0,5,1,0.05000,0.95000
2,german,0,10,1,0.05000,0.95000
2,german,0,15,1,0.05000,0.95000
2,german,0,20,1,0.05000,0.95000
2,german,1,0,1,0.05000,0.95000
2,german,1,5,1,0.05000,0.95000
2,german,1,10,1,0.05000,0.95000
2,german,1,15,1,0.05000,0.95000
2,german,1,20,1,0.05000,0.95000
2,german,2,0,1,0.05000,0.95000
2,german,2,5,1,0.05000,0.95000
2,german,2,10,1,0.05000,0.95000
2,german,2,15,1,0.05000,0.95000
2,german,2,20,1,0.05000,0.95000
2,german,3,0,3,0.05000,0.95000
2,german,3,5,3,0.05000,0.95000
2,german,3,10,3,0.05000,0.95000
2,german,3,15,3,0.05000,0.95000
2,german,3,20,3,0.05000,0.95000
2,german,4,0,4567,0.05000,0.60000
2,german,4,5,4567,0.05000,0.65000
2,german,4,10,4567,0.05000,0.60000
2,german,4,15,4567,0.05000,0.65000
2,german,4,20,4567,0.05000,0.60000
2,german,5,0,516373,1.00000,0.00000
2,german,5,5,516373,1.00000,0.00000
2,german,5,10,516373,0.90000,0.05000
2,german,5,15,516373,0.90000,0.05000
2,german,5,20,516373,0.90000,0.05000
2,german,6,0,785468,1.00000,0.00000
2,german,6,5,785468,1.00000,0.00000
2,german,6,10,785468,1.00000,0.00000
2,german,6,15,785468,1.00000,0.00000
2,german,6,20,785468,1.00000,0.00000
5,german,0,0,1,0.05000,0.95000
5,german,0,5,1,0.05000,0.95000
5,german,0,10,1,0.05000,0.95000
5,german,0,15,1,0.05000,0.95000
5,german,0,20,1,0.05000,0.95000
5,german,1,0,1,0.05000,0.95000
5,german,1,5,1,0.05000,0.95000
5,german,1,10,1,0.05000,0.95000
5,german,1,15,1,0.05000,0.95000
5,german,1,20,1,0.05000,0.95000
5,german,2,0,63,0.05000,0.95000
5,german,2,5,63,0.05000,0.95000
5,german,2,10,63,0.05000,0.95000
5,german,2,15,63,0.05000,0.95000
5,german,2,20,63,0.05000,0.95000
5,german,3,0,17314,0.05000,0.65000
5,german,3,5,17314,0.05000,0.65000
5,german,3,10,17314,0.05000,0.75000
5,german,3,15,17314,0.05000,0.80000
5,german,3,20,17314,0.05000,0.80000
5,german,4,0,683980,0.50000,0.25000
5,german,4,5,683980,0.90000,0.05000
5,german,4,10,683980,0.70000,0.20000
5,german,4,15,683980,0.70000,0.15000
5,german,4,20,683980,0.70000,0.15000
5,german,5,0,785953,0.70000,0.15000
5,german,5,5,785953,1.00000,0.00000
5,german,5,10,785953,1.00000,0.00000
5,german,5,15,785953,1.00000,0.00000
5,german,5,20,785953,1.00000,0.00000
5,german,6,0,788818,0.70000,0.15000
5,german,6,5,788818,1.00000,0.00000
5,german,6,10,788818,1.00000,0.00000
5,german,6,15,788818,1.00000,0.00000
5,german,6,20,788818,1.00000,0.00000
1,happi,0,0,1,0.05000,0.95000
1,happi,0,5,1,0.05000,0.95000
1,happi,0,10,1,0.05000,0.95000
1,happi,0,15,1,0.05000,0.95000
1,happi,0,20,1,0.05000,0.95000
1,happi,1,0,1,0.05000,0.95000
1,happi,1,5,1,0.05000,0.95000
1,happi,1,10,1,0.05000,0.95000
1,happi,1,15,1,0.05000,0.95000
1,happi,1,20,1,0.05000,0.95000
1,happi,2,0,1,0.05000,0.95000
1,happi,2,5,1,0.05000,0.95000
1,happi,2,10,1,0.05000,0.95000
1,happi,2,15,1,0.05000,0.95000
1,happi,2,20,1,0.05000,0.95000
1,happi,3,0,1,0.05000,0.95000
1,happi,3,5,1,0.05000,0.95000
1,happi,3,10,1,0.05000,0.95000
1,happi,3,15,1,0.05000,0.95000
1,happi,3,20,1,0.05000,0.95000
1,happi,4,0,408,0.05000,0.70000
1,happi,4,5,408,0.05000,0.75000
1,happi,4,10,408,0.05000,0.75000
1,happi,4,15,408,0.05000,0.75000
1,happi,4,20,408,0.05000,0.75000
1,happi,5,0,10847,0.90000,0.05000
1,happi,5,5,10847,0.80000,0.10000
1,happi,5,10,10847,0.80000,0.10000
1,happi,5,15,10847,0.80000,0.10000
1,happi,5,20,10847,0.80000,0.10000
1,happi,6,0,616372,1.00000,0.00000
1,happi,6,5,616372,1.00000,0.00000
1,happi,6,10,616372,1.00000,0.00000
1,happi,6,15,616372,1.00000,0.00000
1,happi,6,20,616372,1.00000,0.00000
2,happi,0,0,1,0.05000,0.95000
2,happi,0,5,1,0.05000,0.95000
2,happi,0,10,1,0.05000,0.95000
2,happi,0,15,1,0.05000,0.95000
2,happi,0,20,1,0.05000,0.95000
2,happi,1,0,1,0.05000,0.95000
2,happi,1,5,1,0.05000,0.95000
2,happi,1,10,1,0.05000,0.95000
2,happi,1,15,1,0.05000,0.95000
2,happi,1,20,1,0.05000,0.95000
2,happi,2,0,5,0.05000,0.95000
2,happi,2,5,5,0.05000,0.95000
2,happi,2,10,5,0.05000,0.95000
2,happi,2,15,5,0.05000,0.95000
2,happi,2,20,5,0.05000,0.95000
2,happi,3,0,577,0.15000,0.70000
2,happi,3,5,577,0.15000,0.65000
2,happi,3,10,577,0.15000,0.60000
2,happi,3,15,577,0.15000,0.60000
2,happi,3,20,577,0.15000,0.60000
2,happi,4,0,11207,0.90000,0.05000
2,happi,4,5,11207,0.90000,0.05000
2,happi,4,10,11207,0.90000,0.05000
2,happi,4,15,11207,0.90000,0.05000
2,happi,4,20,11207,0.90000,0.05000
2,happi,5,0,648149,1.00000,0.00000
2,happi,5,5,648149,1.00000,0.00000
2,happi,5,10,648149,1.00000,0.00000
2,happi,5,15,648149,1.00000,0.00000
2,happi,5,20,648149,1.00000,0.00000
2,happi,6,0,799569,1.00000,0.00000
2,happi,6,5,799569,1.00000,0.00000
2,happi,6,10,799569,1.00000,0.00000
2,happi,6,15,799569,1.00000,0.00000
2,happi,6,20,799569,1.00000,0.00000
5,happi,0,0,1,0.05000,0.95000
5,happi,0,5,1,0.05000,0.95000
5,happi,0,10,1,0.05000,0.95000
5,happi,0,15,1,0.05000,0.95000
5,happi,0,20,1,0.05000,0.95000
5,happi,1,0,1,0.05000,0.95000
5,happi,1,5,1,0.05000,0.95000
5,happi,1,10,1,0.05000,0.95000
5,happi,1,15,1,0.05000,0.95000
5,happi,1,20,1,0.05000,0.95000
5,happi,2,0,122,0.05000,0.90000
5,happi,2,5,122,0.05000,0.90000
5,happi,2,10,122,0.05000,0.90000
5,happi,2,15,122,0.05000,0.90000
5,happi,2,20,122,0.05000,0.90000
5,happi,3,0,43071,0.15000,0.80000
5,happi,3,5,43071,0.05000,0.80000
5,happi,3,10,43071,0.05000,0.80000
5,happi,3,15,43071,0.05000,0.80000
5,happi,3,20,43071,0.05000,0.80000
5,happi,4,0,695691,0.15000,0.65000
5,happi,4,5,695691,0.05000,0.60000
5,happi,4,10,695691,0.10000,0.55000
5,happi,4,15,695691,0.10000,0.55000
5,happi,4,20,695691,0.10000,0.55000
5,happi,5,0,785590,0.15000,0.65000
5,happi,5,5,785590,0.05000,0.60000
5,happi,5,10,785590,0.10000,0.55000
5,happi,5,15,785590,0.10000,0.55000
5,happi,5,20,785590,0.10000,0.55000
5,happi,6,0,788818,0.15000,0.65000
5,happi,6,5,788818,0.05000,0.60000
5,happi,6,10,788818,0.10000,0.55000
5,happi,6,15,788818,0.10000,0.55000
5,happi,6,20,788818,0.10000,0.55000
1,health,0,0,1,0.05000,0.95000
1,health,0,5,1,0.05000,0.95000
1,health,0,10,1,0.05000,0.95000
1,health,0,15,1,0.05000,0.95000
1,health,0,20,1,0.05000,0.95000
1,health,1,0,1,0.05000,0.95000
1,health,1,5,1,0.05000,0.95000
1,health,1,10,1,0.05000,0.95000
1,health,1,15,1,0.05000,0.95000
1,health,1,20,1,0.05000,0.95000
1,health,2,0,1,0.05000,0.95000
1,health,2,5,1,0.05000,0.95000
1,health,2,10,1,0.05000,0.95000
1,health,2,15,1,0.05000,0.95000
1,health,2,20,1,0.05000,0.95000
1,health,3,0,1,0.05000,0.95000
1,health,3,5,1,0.05000,0.95000
1,health,3,10,1,0.05000,0.95000
1,health,3,15,1,0.05000,0.95000
1,health,3,20,1,0.05000,0.95000
1,health,4,0,96,0.05000,0.90000
1,health,4,5,96,0.05000,0.90000
1,health,4,10,96,0.05000,0.95000
1,health,4,15,96,0.05000,0.90000
1,health,4,20,96,0.05000,0.90000
1,health,5,0,192532,0.90000,0.05000
1,health,5,5,192532,0.90000,0.05000
1,health,5,10,192532,1.00000,0.00000
1,health,5,15,192532,1.00000,0.00000
1,health,5,20,192532,1.00000,0.00000
1,health,6,0,470387,1.00000,0.00000
1,health,6,5,470387,1.00000,0.00000
1,health,6,10,470387,1.00000,0.00000
1,health,6,15,470387,1.00000,0.00000
1,health,6,20,470387,1.00000,0.00000
2,health,0,0,1,0.05000,0.95000
2,health,0,5,1,0.05000,0.95000
2,health,0,10,1,0.05000,0.95000
2,health,0,15,1,0.05000,0.95000
2,health,0,20,1,0.05000,0.95000
2,health,1,0,1,0.05000,0.95000
2,health,1,5,1,0.05000,0.95000
2,health,1,10,1,0.05000,0.95000
2,health,1,15,1,0.05000,0.95000
2,health,1,20,1,0.05000,0.95000
2,health,2,0,7,0.05000,0.95000
2,health,2,5,7,0.05000,0.95000
2,health,2,10,7,0.05000,0.95000
2,health,2,15,7,0.05000,0.95000
2,health,2,20,7,0.05000,0.95000
2,health,3,0,554,0.05000,0.85000
2,health,3,5,554,0.05000,0.90000
2,health,3,10,554,0.05000,0.90000
2,health,3,15,554,0.05000,0.90000
2,health,3,20,554,0.05000,0.90000
2,health,4,0,93531,0.70000,0.15000
2,health,4,5,93531,0.70000,0.15000
2,health,4,10,93531,0.80000,0.10000
2,health,4,15,93531,0.80000,0.10000
2,health,4,20,93531,0.80000,0.10000
2,health,5,0,475862,0.90000,0.05000
2,health,5,5,475862,0.90000,0.05000
2,health,5,10,475862,0.90000,0.05000
2,health,5,15,475862,0.90000,0.05000
2,health,5,20,475862,0.90000,0.05000
2,health,6,0,794947,0.90000,0.05000
2,health,6,5,794947,0.90000,0.05000
2,health,6,10,794947,0.90000,0.05000
2,health,6,15,794947,0.90000,0.05000
2,health,6,20,794947,0.90000,0.05000
5,health,0,0,1,0.05000,0.95000
5,health,0,5,1,0.05000,0.95000
5,health,0,10,1,0.05000,0.95000
5,health,0,15,1,0.05000,0.95000
5,health,0,20,1,0.05000,0.95000
5,health,1,0,1,0.05000,0.95000
5,health,1,5,1,0.05000,0.95000
5,health,1,10,1,0.05000,0.95000
5,health,1,15,1,0.05000,0.95000
5,health,1,20,1,0.05000,0.95000
5,health,2,0,25,0.05000,0.95000
5,health,2,5,25,0.05000,0.95000
5,health,2,10,25,0.05000,0.95000
5,health,2,15,25,0.05000,0.95000
5,health,2,20,25,0.05000,0.95000
5,health,3,0,2598,0.05000,0.80000
5,health,3,5,2598,0.05000,0.85000
5,health,3,10,2598,0.05000,0.85000
5,health,3,15,2598,0.05000,0.85000
5,health,3,20,2598,0.05000,0.85000
5,health,4,0,207477,0.05000,0.70000
5,health,4,5,207477,0.05000,0.75000
5,health,4,10,207477,0.05000,0.70000
5,health,4,15,207477,0.05000,0.70000
5,health,4,20,207477,0.05000,0.70000
5,health,5,0,779712,0.10000,0.65000
5,health,5,5,779712,0.25000,0.55000
5,health,5,10,779712,0.20000,0.45000
5,health,5,15,779712,0.20000,0.45000
5,health,5,20,779712,0.20000,0.45000
5,health,6,0,788818,0.10000,0.65000
5,health,6,5,788818,0.25000,0.55000
5,health,6,10,788818,0.20000,0.45000
5,health,6,15,788818,0.20000,0.45000
5,health,6,20,788818,0.20000,0.45000
1,know,0,0,1,0.05000,0.95000
1,know,0,5,1,0.05000,0.95000
1,know,0,10,1,0.05000,0.95000
1,know,0,15,1,0.05000,0.95000
1,know,0,20,1,0.05000,0.95000
1,know,1,0,1,0.05000,0.95000
1,know,1,5,1,0.05000,0.95000
1,know,1,10,1,0.05000,0.95000
1,know,1,15,1,0.05000,0.95000
1,know,1,20,1,0.05000,0.95000
1,know,2,0,1,0.05000,0.95000
1,know,2,5,1,0.05000,0.95000
1,know,2,10,1,0.05000,0.95000
1,know,2,15,1,0.05000,0.95000
1,know,2,20,1,0.05000,0.95000
1,know,3,0,36,0.05000,0.80000
1,know,3,5,36,0.05000,0.80000
1,know,3,10,36,0.05000,0.80000
1,know,3,15,36,0.05000,0.80000
1,know,3,20,36,0.05000,0.80000
1,know,4,0,847,0.60000,0.20000
1,know,4,5,847,0.60000,0.20000
1,know,4,10,847,0.60000,0.20000
1,know,4,15,847,0.60000,0.20000
1,know,4,20,847,0.60000,0.20000
1,know,5,0,196129,1.00000,0.00000
1,know,5,5,196129,1.00000,0.00000
1,know,5,10,196129,1.00000,0.00000
1,know,5,15,196129,1.00000,0.00000
1,know,5,20,196129,1.00000,0.00000
1,know,6,0,615522,1.00000,0.00000
1,know,6,5,615522,1.00000,0.00000
1,know,6,10,615522,1.00000,0.00000
1,know,6,15,615522,1.00000,0.00000
1,know,6,20,615522,1.00000,0.00000
2,know,0,0,1,0.05000,0.95000
2,know,0,5,1,0.05000,0.95000
2,know,0,10,1,0.05000,0.95000
2,know,0,15,1,0.05000,0.95000
2,know,0,20,1,0.05000,0.95000
2,know,1,0,1,0.05000,0.95000
2,know,1,5,1,0.05000,0.95000
2,know,1,10,1,0.05000,0.95000
2,know,1,15,1,0.05000,0.95000
2,know,1,20,1,0.05000,0.95000
2,know,2,0,30,0.05000,0.85000
2,know,2,5,30,0.05000,0.85000
2,know,2,10,30,0.05000,0.85000
2,know,2,15,30,0.05000,0.85000
2,know,2,20,30,0.05000,0.85000
2,know,3,0,1105,0.50000,0.30000
2,know,3,5,1105,0.45000,0.30000
2,know,3,10,1105,0.45000,0.30000
2,know,3,15,1105,0.45000,0.30000
2,know,3,20,1105,0.45000,0.30000
2,know,4,0,10283,0.90000,0.05000
2,know,4,5,10283,0.90000,0.05000
2,know,4,10,10283,0.90000,0.05000
2,know,4,15,10283,0.90000,0.05000
2,know,4,20,10283,0.90000,0.05000
2,know,5,0,474556,0.90000,0.05000
2,know,5,5,474556,0.90000,0.05000
2,know,5,10,474556,0.90000,0.05000
2,know,5,15,474556,0.90000,0.05000
2,know,5,20,474556,0.90000,0.05000
2,know,6,0,794876,0.90000,0.05000
2,know,6,5,794876,0.90000,0.05000
2,know,6,10,794876,0.90000,0.05000
2,know,6,15,794876,0.90000,0.05000
2,know,6,20,794876,0.90000,0.05000
5,know,0,0,1,0.00000,1.00000
5,know,0,5,1,0.00000,1.00000
5,know,0,10,1,0.00000,1.00000
5,know,0,15,1,0.00000,1.00000
5,know,0,20,1,0.00000,1.00000
5,know,1,0,1,0.00000,1.00000
5,know,1,5,1,0.00000,1.00000
5,know,1,10,1,0.00000,1.00000
5,know,1,15,1,0.00000,1.00000
5,know,1,20,1,0.00000,1.00000
5,know,2,0,155,0.00000,1.00000
5,know,2,5,155,0.00000,1.00000
5,know,2,10,155,0.00000,1.00000
5,know,2,15,155,0.00000,1.00000
5,know,2,20,155,0.00000,1.00000
5,know,3,0,281228,0.00000,0.95000
5,know,3,5,281228,0.00000,0.90000
5,know,3,10,281228,0.00000,0.90000
5,know,3,15,281228,0.00000,0.90000
5,know,3,20,281228,0.00000,0.90000
5,know,4,0,699426,0.00000,0.85000
5,know,4,5,699426,0.00000,0.80000
5,know,4,10,699426,0.00000,0.80000
5,know,4,15,699426,0.00000,0.80000
5,know,4,20,699426,0.00000,0.80000
5,know,5,0,786338,0.00000,0.85000
5,know,5,5,786338,0.00000,0.80000
5,know,5,10,786338,0.00000,0.80000
5,know,5,15,786338,0.00000,0.80000
5,know,5,20,786338,0.00000,0.80000
5,know,6,0,788818,0.00000,0.85000
5,know,6,5,788818,0.00000,0.80000
5,know,6,10,788818,0.00000,0.80000
5,know,6,15,788818,0.00000,0.80000
5,know,6,20,788818,0.00000,0.80000
1,money,0,0,1,0.05000,0.95000
1,money,0,5,1,0.05000,0.95000
1,money,0,10,1,0.05000,0.95000
1,money,0,15,1,0.05000,0.95000
1,money,0,20,1,0.05000,0.95000
1,money,1,0,1,0.05000,0.95000
1,money,1,5,1,0.05000,0.95000
1,money,1,10,1,0.05000,0.95000
1,money,1,15,1,0.05000,0.95000
1,money,1,20,1,0.05000,0.95000
1,money,2,0,1,0.05000,0.95000
1,money,2,5,1,0.05000,0.95000
1,money,2,10,1,0.05000,0.95000
1,money,2,15,1,0.05000,0.95000
1,money,2,20,1,0.05000,0.95000
1,money,3,0,35,0.05000,0.95000
1,money,3,5,35,0.05000,0.95000
1,money,3,10,35,0.05000,0.95000
1,money,3,15,35,0.05000,0.95000
1,money,3,20,35,0.05000,0.95000
1,money,4,0,666,0.10000,0.70000
1,money,4,5,666,0.10000,0.80000
1,money,4,10,666,0.10000,0.80000
1,money,4,15,666,0.10000,0.75000
1,money,4,20,666,0.10000,0.75000
1,money,5,0,21654,0.90000,0.05000
1,money,5,5,21654,1.00000,0.00000
1,money,5,10,21654,1.00000,0.00000
1,money,5,15,21654,1.00000,0.00000
1,money,5,20,21654,1.00000,0.00000
1,money,6,0,693804,1.00000,0.00000
1,money,6,5,693804,1.00000,0.00000
1,money,6,10,693804,1.00000,0.00000
1,money,6,15,693804,1.00000,0.00000
1,money,6,20,693804,1.00000,0.00000
2,money,0,0,1,0.05000,0.95000
2,money,0,5,1,0.05000,0.95000
2,money,0,10,1,0.05000,0.95000
2,money,0,15,1,0.05000,0.95000
2,money,0,20,1,0.05000,0.95000
2,money,1,0,1,0.05000,0.95000
2,money,1,5,1,0.05000,0.95000
2,money,1,10,1,0.05000,0.95000
2,money,1,15,1,0.05000,0.95000
2,money,1,20,1,0.05000,0.95000
2,money,2,0,14,0.10000,0.90000
2,money,2,5,14,0.10000,0.90000
2,money,2,10,14,0.10000,0.90000
2,money,2,15,14,0.10000,0.90000
2,money,2,20,14,0.10000,0.90000
2,money,3,0,734,0.15000,0.65000
2,money,3,5,734,0.15000,0.75000
2,money,3,10,734,0.15000,0.80000
2,money,3,15,734,0.15000,0.65000
2,money,3,20,734,0.15000,0.65000
2,money,4,0,534520,0.80000,0.10000
2,money,4,5,534520,0.70000,0.15000
2,money,4,10,534520,0.80000,0.10000
2,money,4,15,534520,0.75000,0.15000
2,money,4,20,534520,0.75000,0.15000
2,money,5,0,698464,1.00000,0.00000
2,money,5,5,698464,1.00000,0.00000
2,money,5,10,698464,1.00000,0.00000
2,money,5,15,698464,1.00000,0.00000
2,money,5,20,698464,1.00000,0.00000
2,money,6,0,799873,1.00000,0.00000
2,money,6,5,799873,1.00000,0.00000
2,money,6,10,799873,1.00000,0.00000
2,money,6,15,799873,1.00000,0.00000
2,money,6,20,799873,1.00000,0.00000
5,money,0,0,1,0.05000,0.95000
5,money,0,5,1,0.05000,0.95000
5,money,0,10,1,0.05000,0.95000
5,money,0,15,1,0.05000,0.95000
5,money,0,20,1,0.05000,0.95000
5,money,1,0,1,0.05000,0.95000
5,money,1,5,1,0.05000,0.95000
5,money,1,10,1,0.05000,0.95000
5,money,1,15,1,0.05000,0.95000
5,money,1,20,1,0.05000,0.95000
5,money,2,0,111,0.05000,0.95000
5,money,2,5,111,0.05000,0.95000
5,money,2,10,111,0.05000,0.95000
5,money,2,15,111,0.05000,0.95000
5,money,2,20,111,0.05000,0.95000
5,money,3,0,279566,0.05000,0.85000
5,money,3,5,279566,0.05000,0.90000
5,money,3,10,279566,0.05000,0.85000
5,money,3,15,279566,0.05000,0.85000
5,money,3,20,279566,0.05000,0.85000
5,money,4,0,696841,0.10000,0.50000
5,money,4,5,696841,0.10000,0.60000
5,money,4,10,696841,0.10000,0.60000
5,money,4,15,696841,0.10000,0.65000
5,money,4,20,696841,0.10000,0.65000
5,money,5,0,785739,0.10000,0.50000
5,money,5,5,785739,0.10000,0.55000
5,money,5,10,785739,0.10000,0.55000
5,money,5,15,785739,0.10000,0.60000
5,money,5,20,785739,0.10000,0.60000
5,money,6,0,788818,0.10000,0.50000
5,money,6,5,788818,0.10000,0.55000
5,money,6,10,788818,0.10000,0.55000
5,money,6,15,788818,0.10000,0.60000
5,money,6,20,788818,0.10000,0.60000
1,religion,0,0,1,0.05000,0.95000
1,religion,0,5,1,0.05000,0.95000
1,religion,0,10,1,0.05000,0.95000
1,religion,0,15,1,0.05000,0.95000
1,religion,0,20,1,0.05000,0.95000
1,religion,1,0,1,0.05000,0.95000
1,religion,1,5,1,0.05000,0.95000
1,religion,1,10,1,0.05000,0.95000
1,religion,1,15,1,0.05000,0.95000
1,religion,1,20,1,0.05000,0.95000
1,religion,2,0,1,0.05000,0.95000
1,religion,2,5,1,0.05000,0.95000
1,religion,2,10,1,0.05000,0.95000
1,religion,2,15,1,0.05000,0.95000
1,religion,2,20,1,0.05000,0.95000
1,religion,3,0,3,0.05000,0.95000
1,religion,3,5,3,0.05000,0.95000
1,religion,3,10,3,0.05000,0.95000
1,religion,3,15,3,0.05000,0.95000
1,religion,3,20,3,0.05000,0.95000
1,religion,4,0,289,0.05000,0.85000
1,religion,4,5,289,0.05000,0.85000
1,religion,4,10,289,0.05000,0.85000
1,religion,4,15,289,0.05000,0.85000
1,religion,4,20,289,0.05000,0.85000
1,religion,5,0,197281,0.80000,0.10000
1,religion,5,5,197281,0.70000,0.15000
1,religion,5,10,197281,0.70000,0.15000
1,religion,5,15,197281,0.70000,0.15000
1,religion,5,20,197281,0.70000,0.15000
1,religion,6,0,606245,1.00000,0.00000
1,religion,6,5,606245,1.00000,0.00000
1,religion,6,10,606245,1.00000,0.00000
1,religion,6,15,606245,1.00000,0.00000
1,religion,6,20,606245,1.00000,0.00000
2,religion,0,0,1,0.05000,0.95000
2,religion,0,5,1,0.05000,0.95000
2,religion,0,10,1,0.05000,0.95000
2,religion,0,15,1,0.05000,0.95000
2,religion,0,20,1,0.05000,0.95000
2,religion,1,0,1,0.05000,0.95000
2,religion,1,5,1,0.05000,0.95000
2,religion,1,10,1,0.05000,0.95000
2,religion,1,15,1,0.05000,0.95000
2,religion,1,20,1,0.05000,0.95000
2,religion,2,0,6,0.05000,0.95000
2,religion,2,5,6,0.05000,0.95000
2,religion,2,10,6,0.05000,0.95000
2,religion,2,15,6,0.05000,0.95000
2,religion,2,20,6,0.05000,0.95000
2,religion,3,0,210,0.05000,0.95000
2,religion,3,5,210,0.05000,0.95000
2,religion,3,10,210,0.05000,0.95000
2,religion,3,15,210,0.05000,0.95000
2,religion,3,20,210,0.05000,0.95000
2,religion,4,0,7681,0.50000,0.25000
2,religion,4,5,7681,0.45000,0.30000
2,religion,4,10,7681,0.40000,0.30000
2,religion,4,15,7681,0.40000,0.30000
2,religion,4,20,7681,0.40000,0.30000
2,religion,5,0,635778,1.00000,0.00000
2,religion,5,5,635778,1.00000,0.00000
2,religion,5,10,635778,1.00000,0.00000
2,religion,5,15,635778,1.00000,0.00000
2,religion,5,20,635778,1.00000,0.00000
2,religion,6,0,799563,1.00000,0.00000
2,religion,6,5,799563,1.00000,0.00000
2,religion,6,10,799563,1.00000,0.00000
2,religion,6,15,799563,1.00000,0.00000
2,religion,6,20,799563,1.00000,0.00000
5,religion,0,0,1,0.05000,0.95000
5,religion,0,5,1,0.05000,0.95000
5,religion,0,10,1,0.05000,0.95000
5,religion,0,15,1,0.05000,0.95000
5,religion,0,20,1,0.05000,0.95000
5,religion,1,0,1,0.05000,0.95000
5,religion,1,5,1,0.05000,0.95000
5,religion,1,10,1,0.05000,0.95000
5,religion,1,15,1,0.05000,0.95000
5,religion,1,20,1,0.05000,0.95000
5,religion,2,0,331,0.05000,0.95000
5,religion,2,5,331,0.05000,0.95000
5,religion,2,10,331,0.05000,0.95000
5,religion,2,15,331,0.05000,0.95000
5,religion,2,20,331,0.05000,0.95000
5,religion,3,0,10038,0.05000,0.95000
5,religion,3,5,10038,0.05000,0.95000
5,religion,3,10,10038,0.05000,0.90000
5,religion,3,15,10038,0.05000,0.90000
5,religion,3,20,10038,0.05000,0.90000
5,religion,4,0,677976,0.10000,0.75000
5,religion,4,5,677976,0.25000,0.45000
5,religion,4,10,677976,0.30000,0.40000
5,religion,4,15,677976,0.30000,0.40000
5,religion,4,20,677976,0.30000,0.40000
5,religion,5,0,784478,0.10000,0.75000
5,religion,5,5,784478,0.30000,0.40000
5,religion,5,10,784478,0.40000,0.35000
5,religion,5,15,784478,0.40000,0.35000
5,religion,5,20,784478,0.40000,0.35000
5,religion,6,0,788818,0.10000,0.75000
5,religion,6,5,788818,0.30000,0.40000
5,religion,6,10,788818,0.40000,0.35000
5,religion,6,15,788818,0.40000,0.35000
5,religion,6,20,788818,0.40000,0.35000
1,soft,0,0,1,0.05000,0.95000
1,soft,0,5,1,0.05000,0.95000
1,soft,0,10,1,0.05000,0.95000
1,soft,0,15,1,0.05000,0.95000
1,soft,0,20,1,0.05000,0.95000
1,soft,1,0,1,0.05000,0.95000
1,soft,1,5,1,0.05000,0.95000
1,soft,1,10,1,0.05000,0.95000
1,soft,1,15,1,0.05000,0.95000
1,soft,1,20,1,0.05000,0.95000
1,soft,2,0,1,0.05000,0.95000
1,soft,2,5,1,0.05000,0.95000
1,soft,2,10,1,0.05000,0.95000
1,soft,2,15,1,0.05000,0.95000
1,soft,2,20,1,0.05000,0.95000
1,soft,3,0,1,0.05000,0.95000
1,soft,3,5,1,0.05000,0.95000
1,soft,3,10,1,0.05000,0.95000
1,soft,3,15,1,0.05000,0.95000
1,soft,3,20,1,0.05000,0.95000
1,soft,4,0,36,0.05000,0.95000
1,soft,4,5,36,0.05000,0.95000
1,soft,4,10,36,0.05000,0.95000
1,soft,4,15,36,0.05000,0.95000
1,soft,4,20,36,0.05000,0.95000
1,soft,5,0,4772,0.10000,0.55000
1,soft,5,5,4772,0.05000,0.60000
1,soft,5,10,4772,0.05000,0.65000
1,soft,5,15,4772,0.05000,0.65000
1,soft,5,20,4772,0.05000,0.65000
1,soft,6,0,675599,1.00000,0.00000
1,soft,6,5,675599,1.00000,0.00000
1,soft,6,10,675599,1.00000,0.00000
1,soft,6,15,675599,1.00000,0.00000
1,soft,6,20,675599,1.00000,0.00000
2,soft,0,0,1,0.05000,0.95000
2,soft,0,5,1,0.05000,0.95000
2,soft,0,10,1,0.05000,0.95000
2,soft,0,15,1,0.05000,0.95000
2,soft,0,20,1,0.05000,0.95000
2,soft,1,0,1,0.05000,0.95000
2,soft,1,5,1,0.05000,0.95000
2,soft,1,10,1,0.05000,0.95000
2,soft,1,15,1,0.05000,0.95000
2,soft,1,20,1,0.05000,0.95000
2,soft,2,0,2,0.05000,0.95000
2,soft,2,5,2,0.05000,0.95000
2,soft,2,10,2,0.05000,0.95000
2,soft,2,15,2,0.05000,0.95000
2,soft,2,20,2,0.05000,0.95000
2,soft,3,0,182,0.05000,0.95000
2,soft,3,5,182,0.05000,0.95000
2,soft,3,10,182,0.05000,0.95000
2,soft,3,15,182,0.05000,0.95000
2,soft,3,20,182,0.05000,0.95000
2,soft,4,0,9250,0.90000,0.05000
2,soft,4,5,9250,0.80000,0.10000
2,soft,4,10,9250,0.90000,0.05000
2,soft,4,15,9250,0.90000,0.05000
2,soft,4,20,9250,0.90000,0.05000
2,soft,5,0,466676,1.00000,0.00000
2,soft,5,5,466676,1.00000,0.00000
2,soft,5,10,466676,1.00000,0.00000
2,soft,5,15,466676,1.00000,0.00000
2,soft,5,20,466676,1.00000,0.00000
2,soft,6,0,797444,1.00000,0.00000
2,soft,6,5,797444,1.00000,0.00000
2,soft,6,10,797444,1.00000,0.00000
2,soft,6,15,797444,1.00000,0.00000
2,soft,6,20,797444,1.00000,0.00000
5,soft,0,0,1,0.05000,0.95000
5,soft,0,5,1,0.05000,0.95000
5,soft,0,10,1,0.05000,0.95000
5,soft,0,15,1,0.05000,0.95000
5,soft,0,20,1,0.05000,0.95000
5,soft,1,0,1,0.05000,0.95000
5,soft,1,5,1,0.05000,0.95000
5,soft,1,10,1,0.05000,0.95000
5,soft,1,15,1,0.05000,0.95000
5,soft,1,20,1,0.05000,0.95000
5,soft,2,0,29,0.05000,0.95000
5,soft,2,5,29,0.05000,0.95000
5,soft,2,10,29,0.05000,0.95000
5,soft,2,15,29,0.05000,0.95000
5,soft,2,20,29,0.05000,0.95000
5,soft,3,0,5170,0.05000,0.95000
5,soft,3,5,5170,0.05000,0.90000
5,soft,3,10,5170,0.05000,0.95000
5,soft,3,15,5170,0.05000,0.95000
5,soft,3,20,5170,0.05000,0.95000
5,soft,4,0,669068,0.05000,0.60000
5,soft,4,5,669068,0.05000,0.65000
5,soft,4,10,669068,0.05000,0.60000
5,soft,4,15,669068,0.05000,0.60000
5,soft,4,20,669068,0.05000,0.60000
5,soft,5,0,782552,0.25000,0.45000
5,soft,5,5,782552,0.10000,0.50000
5,soft,5,10,782552,0.10000,0.50000
5,soft,5,15,782552,0.10000,0.50000
5,soft,5,20,782552,0.10000,0.50000
5,soft,6,0,788818,0.25000,0.45000
5,soft,6,5,788818,0.10000,0.50000
5,soft,6,10,788818,0.10000,0.50000
5,soft,6,15,788818,0.10000,0.50000
5,soft,6,20,788818,0.10000,0.50000
1,war,0,0,1,0.05000,0.95000
1,war,0,5,1,0.05000,0.95000
1,war,0,10,1,0.05000,0.95000
1,war,0,15,1,0.05000,0.95000
1,war,0,20,1,0.05000,0.95000
1,war,1,0,1,0.05000,0.95000
1,war,1,5,1,0.05000,0.95000
1,war,1,10,1,0.05000,0.95000
1,war,1,15,1,0.05000,0.95000
1,war,1,20,1,0.05000,0.95000
1,war,2,0,1,0.05000,0.95000
1,war,2,5,1,0.05000,0.95000
1,war,2,10,1,0.05000,0.95000
1,war,2,15,1,0.05000,0.95000
1,war,2,20,1,0.05000,0.95000
1,war,3,0,1,0.05000,0.95000
1,war,3,5,1,0.05000,0.95000
1,war,3,10,1,0.05000,0.95000
1,war,3,15,1,0.05000,0.95000
1,war,3,20,1,0.05000,0.95000
1,war,4,0,121,0.10000,0.75000
1,war,4,5,121,0.15000,0.85000
1,war,4,10,121,0.15000,0.85000
1,war,4,15,121,0.15000,0.85000
1,war,4,20,121,0.15000,0.85000
1,war,5,0,190061,1.00000,0.00000
1,war,5,5,190061,0.90000,0.05000
1,war,5,10,190061,0.90000,0.05000
1,war,5,15,190061,0.90000,0.05000
1,war,5,20,190061,0.90000,0.05000
1,war,6,0,686848,1.00000,0.00000
1,war,6,5,686848,1.00000,0.00000
1,war,6,10,686848,1.00000,0.00000
1,war,6,15,686848,1.00000,0.00000
1,war,6,20,686848,1.00000,0.00000
2,war,0,0,1,0.05000,0.95000
2,war,0,5,1,0.05000,0.95000
2,war,0,10,1,0.05000,0.95000
2,war,0,15,1,0.05000,0.95000
2,war,0,20,1,0.05000,0.95000
2,war,1,0,1,0.05000,0.95000
2,war,1,5,1,0.05000,0.95000
2,war,1,10,1,0.05000,0.95000
2,war,1,15,1,0.05000,0.95000
2,war,1,20,1,0.05000,0.95000
2,war,2,0,1,0.05000,0.95000
2,war,2,5,1,0.05000,0.95000
2,war,2,10,1,0.05000,0.95000
2,war,2,15,1,0.05000,0.95000
2,war,2,20,1,0.05000,0.95000
2,war,3,0,16,0.05000,0.90000
2,war,3,5,16,0.05000,0.95000
2,war,3,10,16,0.05000,0.95000
2,war,3,15,16,0.05000,0.95000
2,war,3,20,16,0.05000,0.95000
2,war,4,0,5162,0.35000,0.35000
2,war,4,5,5162,0.25000,0.50000
2,war,4,10,5162,0.20000,0.45000
2,war,4,15,5162,0.30000,0.35000
2,war,4,20,5162,0.30000,0.40000
2,war,5,0,638392,1.00000,0.00000
2,war,5,5,638392,1.00000,0.00000
2,war,5,10,638392,1.00000,0.00000
2,war,5,15,638392,1.00000,0.00000
2,war,5,20,638392,1.00000,0.00000
2,war,6,0,796396,1.00000,0.00000
2,war,6,5,796396,1.00000,0.00000
2,war,6,10,796396,1.00000,0.00000
2,war,6,15,796396,1.00000,0.00000
2,war,6,20,796396,1.00000,0.00000
5,war,0,0,1,0.05000,0.95000
5,war,0,5,1,0.05000,0.95000
5,war,0,10,1,0.05000,0.95000
5,war,0,15,1,0.05000,0.95000
5,war,0,20,1,0.05000,0.95000
5,war,1,0,1,0.05000,0.95000
5,war,1,5,1,0.05000,0.95000
5,war,1,10,1,0.05000,0.95000
5,war,1,15,1,0.05000,0.95000
5,war,1,20,1,0.05000,0.95000
5,war,2,0,2371,0.05000,0.90000
5,war,2,5,2371,0.05000,0.95000
5,war,2,10,2371,0.05000,0.95000
5,war,2,15,2371,0.05000,0.95000
5,war,2,20,2371,0.05000,0.95000
5,war,3,0,279441,0.05000,0.75000
5,war,3,5,279441,0.05000,0.80000
5,war,3,10,279441,0.05000,0.70000
5,war,3,15,279441,0.05000,0.70000
5,war,3,20,279441,0.05000,0.75000
5,war,4,0,689345,0.60000,0.20000
5,war,4,5,689345,0.75000,0.20000
5,war,4,10,689345,0.80000,0.15000
5,war,4,15,689345,0.60000,0.20000
5,war,4,20,689345,0.55000,0.25000
5,war,5,0,785939,0.70000,0.15000
5,war,5,5,785939,0.75000,0.20000
5,war,5,10,785939,0.80000,0.15000
5,war,5,15,785939,0.60000,0.20000
5,war,5,20,785939,0.55000,0.25000
5,war,6,0,788818,0.70000,0.15000
5,war,6,5,788818,0.75000,0.20000
5,war,6,10,788818,0.80000,0.15000
5,war,6,15,788818,0.60000,0.20000
5,war,6,20,788818,0.55000,0.25000
